facility_id,month,scope1_kg_co2e,scope2_kg_co2e,scope1_mtco2e,scope2_mtco2e
1,2024-01,1741.3707326807412,1812307.6941900002,1.7413707326807413,1812.3076941900001
1,2024-02,5977.791651471,57398.697006,5.977791651471,57.398697006
1,2024-03,6386.959516682724,85.723596,6.386959516682724,0.085723596
1,2024-04,22026.817045506603,79.84662,22.026817045506604,0.07984662000000001
1,2024-05,11447.080173975024,222577.53560699997,11.447080173975024,222.57753560699996
1,2024-06,4954.485293607307,156504.5010652941,4.9544852936073065,156.5045010652941
1,2024-07,4085.918457567735,118954.18515317647,4.085918457567735,118.95418515317647
1,2024-08,8904.170049048036,6523.562052,8.904170049048036,6.523562052
1,2024-09,9980.064619502948,42947.860393200004,9.980064619502947,42.9478603932
1,2024-10,12521.988665797,377708.90719330584,12.521988665797,377.70890719330583
1,2024-11,7834.141138425012,25688.7381324,7.834141138425013,25.6887381324
1,2024-12,4974.4325859458,94071.41712359998,4.9744325859458005,94.07141712359999
1,2025-01,7284.302363224399,60010.48946117647,7.284302363224399,60.01048946117647
1,2025-02,1078.9403215688,197.69735999999997,1.0789403215688,0.19769736
1,2025-03,5052.219125592729,702650.6817414,5.052219125592729,702.6506817414
1,2025-04,2638.7433370441,579628.5704622,2.6387433370441,579.6285704622
1,2025-05,3697.9831440275007,148372.97177294115,3.697983144027501,148.37297177294116
1,2025-06,3159.818039734,192073.82329651766,3.159818039734,192.07382329651765
1,2025-07,7914.875178626353,120580.58151176469,7.914875178626353,120.58058151176469
1,2025-08,3092.081221690647,143545.4722212,3.092081221690647,143.54547222120001
1,2025-09,2371.023935142565,306.3144,2.371023935142565,0.3063144
1,2025-10,5045.445335479789,265284.9383020941,5.045445335479789,265.28493830209413
1,2025-11,2632.6853560066,204373.3155492,2.6326853560066,204.3733155492
1,2025-12,21764.621271618427,16093.07448,21.764621271618427,16.09307448
1,2026-01,7682.794051650094,56695.748098129414,7.682794051650094,56.695748098129414
1,2026-02,6205.416679874047,221048.00734799996,6.205416679874047,221.04800734799994
1,2026-03,876.732125602,19897.13292,0.876732125602,19.89713292
1,2026-04,4708.533730324318,404.51166,4.7085337303243175,0.40451166
1,2026-05,5019.7270213571,87.82746,5.0197270213571,0.08782746
1,2026-06,8253.100429857,506163.5143152,8.253100429857001,506.16351431519996
1,2026-07,1091.2479141570589,76900.44686223529,1.0912479141570588,76.90044686223528
1,2026-08,12451.472851030601,150552.60654,12.451472851030601,150.55260654
1,2026-09,1637.6567986597058,42286.337499,1.637656798659706,42.286337499
1,2026-10,9690.095373343423,78981.71510608235,9.690095373343423,78.98171510608235
1,2026-11,1979.4290573756707,120332.66027999998,1.9794290573756708,120.33266027999998
1,2026-12,13903.131656769001,204223.95175140005,13.903131656769,204.22395175140005
1,2027-01,2282.829169348459,7691.26428,2.282829169348459,7.69126428
1,2027-02,6243.380735753606,368682.24197280005,6.243380735753606,368.68224197280006
1,2027-03,8345.7528520622,150293.24032379998,8.3457528520622,150.29324032379998
1,2027-04,5032.294640709359,15494.904229411763,5.032294640709359,15.494904229411762
1,2027-05,5933.968744298353,64340.378676,5.933968744298353,64.340378676
1,2027-06,2689.0963537252,23369.5517748,2.6890963537252,23.369551774799998
1,2027-07,5555.644023532483,39023.09082,5.555644023532483,39.02309082
1,2027-08,8090.7030904414005,538187.3657404588,8.0907030904414,538.1873657404589
1,2027-09,2612.7727472713354,197974.6676838,2.6127727472713356,197.97466768380002
1,2027-10,10881.695931090024,53746.602938823526,10.881695931090023,53.74660293882353
1,2027-11,11545.56596297266,77869.8096624,11.54556596297266,77.8698096624
1,2027-12,9367.692033860165,4408.632648,9.367692033860164,4.408632648
1,2028-01,3631.137409432953,91971.66608749413,3.631137409432953,91.97166608749413
1,2028-02,5824.8497338104535,317993.28479520004,5.824849733810454,317.99328479520005
1,2028-03,979.3523421301294,110631.15797999999,0.9793523421301293,110.63115797999998
1,2028-04,3043.456536602024,979586.0464613999,3.0434565366020236,979.5860464613999
1,2028-05,9749.8655041325,167080.7226648,9.7498655041325,167.08072266480002
1,2028-06,5144.670997690648,132480.31681969413,5.144670997690648,132.48031681969414
1,2028-07,7961.8169181124,21847.245966,7.9618169181124,21.847245966
2,2024-01,9822.121435737788,375810.19671205885,9.822121435737788,375.8101967120588
2,2024-02,7931.660440679295,716606.78984,7.931660440679295,716.60678984
2,2024-03,5240.744640050823,4211.724529411765,5.240744640050823,4.2117245294117645
2,2024-04,2562.803519837718,208723.01325,2.562803519837718,208.72301324999998
2,2024-05,3687.6688900866293,235132.34535,3.6876688900866292,235.13234534999998
2,2024-06,2959.8524011714826,329486.51756,2.9598524011714824,329.48651756
2,2024-07,20715.25211891229,112354.731715,20.71525211891229,112.354731715
2,2024-08,1044.8672108054118,4457.909500000001,1.0448672108054118,4.4579095
2,2024-09,597.9990123980001,775475.5892,0.5979990123980001,775.4755892000001
2,2024-10,9784.9459981078,456848.96185470594,9.7849459981078,456.8489618547059
2,2024-11,9494.355578967057,40827.27555,9.494355578967058,40.827275549999996
2,2024-12,9310.373925087,212.19760000000002,9.310373925087001,0.21219760000000001
2,2025-01,8921.0871028538,52051.83585,8.9210871028538,52.05183585
2,2025-02,1340.4744732504,306745.8885,1.3404744732504,306.7458885
2,2025-03,3061.552972657541,1363.2589000000003,3.061552972657541,1.3632589000000002
2,2025-04,4387.218466313806,710309.5196250001,4.387218466313806,710.3095196250001
2,2025-05,8215.270863872118,173.6995,8.215270863872117,0.1736995
2,2025-06,3093.515554649,37975.430147058825,3.093515554649,37.97543014705882
2,2025-07,2632.0252497332353,202962.17798,2.6320252497332355,202.96217798
2,2025-08,5839.704697156752,36215.31152999999,5.839704697156752,36.215311529999994
2,2025-09,3760.8312012740234,168003.53091,3.7608312012740233,168.00353091
2,2025-10,3769.3315397844003,158.773,3.7693315397844005,0.158773
2,2025-11,4763.4915153384,294392.920485,4.7634915153384,294.392920485
2,2025-12,3672.3287790502004,200925.995,3.6723287790502006,200.925995
2,2026-01,22812.103470238973,67915.84101999999,22.812103470238974,67.91584101999999
2,2026-02,5082.2862798308115,193221.76442999998,5.082286279830812,193.22176442999998
2,2026-03,6826.002073919141,628357.89494,6.826002073919141,628.35789494
2,2026-04,4393.202627523435,28724.49635,4.393202627523435,28.724496350000003
2,2026-05,2442.7453136586,34116.251254999996,2.4427453136586,34.116251254999995
2,2026-06,1898.6522468103826,44846.360400000005,1.8986522468103826,44.8463604
2,2026-07,1159.6083165968,8844.774220588235,1.1596083165968,8.844774220588235
2,2026-08,3666.261934055471,289970.48217647057,3.666261934055471,289.97048217647057
2,2026-09,4645.982085715,24257.0,4.645982085715,24.257
2,2026-10,2679.020322735618,234.9955,2.6790203227356177,0.2349955
2,2026-11,11254.155428663,440430.51862,11.254155428663,440.43051862
2,2026-12,7455.308913528141,91192.13106,7.455308913528141,91.19213106
2,2027-01,5495.089784524812,127.6285,5.4950897845248114,0.1276285
2,2027-02,1810.4795354294,144787.88555500002,1.8104795354293999,144.787885555
2,2027-03,1965.8718924336001,185867.231945,1.9658718924336,185.86723194500001
2,2027-04,10709.724180180207,16635.8155,10.709724180180206,16.6358155
2,2027-05,2026.4561067503473,486112.3068550001,2.0264561067503473,486.1123068550001
2,2027-06,12248.488836766512,43019.248,12.248488836766512,43.019248
2,2027-07,1743.2254214568002,998342.362827353,1.7432254214568002,998.342362827353
2,2027-08,9263.4034672014,68383.73701,9.2634034672014,68.38373700999999
2,2027-09,9493.206002007,556533.7763867648,9.493206002007,556.5337763867649
2,2027-10,5702.933233064953,289887.1725,5.702933233064953,289.88717249999996
2,2027-11,2847.916525872053,303339.02596500004,2.847916525872053,303.339025965
2,2027-12,1920.890946584618,706558.643775,1.920890946584618,706.558643775
2,2028-01,2599.3948639922,162280.242095,2.5993948639922,162.280242095
2,2028-02,7668.722324012401,307749.7351,7.668722324012402,307.7497351
2,2028-03,2034.978804848965,257.496,2.034978804848965,0.257496
2,2028-04,6365.949646092013,1390012.9471399998,6.365949646092012,1390.0129471399998
2,2028-05,4253.1333980147,36284.6331,4.2531333980147,36.2846331
2,2028-06,5536.686850604841,36948.93875000001,5.536686850604841,36.94893875000001
2,2028-07,185.9977039976,333451.19962499995,0.18599770399760002,333.45119962499996
3,2024-01,2128.7266224646764,309488.4702670588,2.1287266224646766,309.4884702670588
3,2024-02,2736.2693341477,597635.8222458824,2.7362693341477002,597.6358222458823
3,2024-03,12027.163375748802,232399.29419500002,12.0271633757488,232.399294195
3,2024-04,42219.77594736048,88952.71313999999,42.21977594736048,88.95271313999999
3,2024-05,4896.237937862301,78.7815,4.896237937862301,0.07878149999999999
3,2024-06,4930.0704795052,104989.0315,4.9300704795052,104.9890315
3,2024-07,2153.0389312216,997234.431755,2.1530389312216,997.2344317550001
3,2024-08,1243.3147729934117,1088049.8819541177,1.2433147729934118,1088.0498819541176
3,2024-09,3494.853342728853,529971.56388,3.494853342728853,529.9715638800001
3,2024-10,13214.09655674873,11868.9535,13.214096556748729,11.8689535
3,2024-11,1394.5088716839766,37884.766470588234,1.3945088716839766,37.88476647058823
3,2024-12,1341.1691136304705,102499.41779,1.3411691136304704,102.49941779000001
3,2025-01,5449.866704095,48824.96159,5.449866704095,48.82496159
3,2025-02,3963.1916846213944,122723.58037499999,3.9631916846213944,122.723580375
3,2025-03,4921.280863834553,355.8295,4.9212808638345535,0.3558295
3,2025-04,3317.0561591036,260744.73178500004,3.3170561591035996,260.74473178500006
3,2025-05,10412.8746859046,65382.68678,10.412874685904601,65.38268678
3,2025-06,8026.600303713507,130623.3627,8.026600303713506,130.6233627
3,2025-07,11587.210306441342,655545.9264199999,11.587210306441342,655.5459264199999
3,2025-08,4835.5841614546,413886.4864814706,4.8355841614546,413.88648648147057
3,2025-09,2221.698553739059,4543.29355882353,2.221698553739059,4.54329355882353
3,2025-10,8334.479443854318,444.91380000000004,8.334479443854317,0.4449138
3,2025-11,1696.3549774934943,622260.2480794118,1.6963549774934943,622.2602480794118
3,2025-12,3555.2276482751004,194849.5693,3.5552276482751,194.8495693
3,2026-01,2778.2108565542003,552413.0706482353,2.7782108565542,552.4130706482352
3,2026-02,3616.3206124731532,927945.8220664706,3.616320612473153,927.9458220664707
3,2026-03,1526.4765051956238,182638.47400000002,1.5264765051956237,182.63847400000003
3,2026-04,2958.768235731694,178663.066645,2.958768235731694,178.66306664500001
3,2026-05,9396.929123143495,227.2885,9.396929123143494,0.2272885
3,2026-06,1263.0969637654237,77161.9385,1.2630969637654237,77.1619385
3,2026-07,2279.4294511741296,149367.6385,2.2794294511741295,149.3676385
3,2026-08,6917.359866113541,760008.9780508823,6.917359866113541,760.0089780508823
3,2026-09,6475.478878669788,571915.56122,6.475478878669788,571.9155612200001
3,2026-10,3063.5748323788002,315468.550245,3.0635748323788,315.468550245
3,2026-11,13122.197541756725,48111.8611,13.122197541756725,48.1118611
3,2026-12,3214.109440549765,323531.44440000004,3.214109440549765,323.53144440000005
3,2027-01,2354.5601244782356,696050.14244,2.3545601244782355,696.05014244
3,2027-02,5975.191716422518,342769.33648,5.9751917164225175,342.76933648
3,2027-03,2431.5781908311296,1226.93875,2.4315781908311296,1.22693875
3,2027-04,9448.320326823801,80943.93112499999,9.4483203268238,80.94393112499999
3,2027-05,4478.86662587303,84721.293875,4.47886662587303,84.721293875
3,2027-06,830.3430611458001,156406.633655,0.8303430611458001,156.406633655
3,2027-07,5067.377019036748,92151.08240000001,5.067377019036748,92.1510824
3,2027-08,426.05739313000004,57129.999155,0.42605739313,57.129999155
3,2027-09,16222.499737461718,193836.777,16.222499737461717,193.836777
3,2027-10,3089.674400823047,627359.09407,3.0896744008230472,627.35909407
3,2027-11,5287.385106956206,323847.67648,5.287385106956206,323.84767648
3,2027-12,1737.1055333136,1958539.1982550002,1.7371055333136,1958.5391982550002
3,2028-01,3215.1402726379943,327922.00745000003,3.2151402726379943,327.92200745
3,2028-02,3229.9205871392,29520.519884999998,3.2299205871392003,29.520519885
3,2028-03,1968.5005409952473,145146.49672,1.9685005409952474,145.14649672
3,2028-04,7136.875714338401,118330.46944,7.136875714338401,118.33046944
3,2028-05,2748.674983376565,9628.821539999999,2.748674983376565,9.628821539999999
3,2028-06,2414.5089200876,130428.09940000002,2.4145089200876,130.4280994
3,2028-07,1878.1133664760002,11160.63620588235,1.8781133664760001,11.160636205882351
4,2024-01,2911.428428220376,41332.29705,2.9114284282203764,41.33229705
4,2024-02,6013.345155759189,891.1091200000001,6.013345155759189,0.8911091200000001
4,2024-03,1941.5100426409,521870.74127650005,1.9415100426409002,521.8707412765001
4,2024-04,8203.129279486477,73303.73490000001,8.203129279486477,73.30373490000001
4,2024-05,13817.878130033747,279722.67839450005,13.817878130033748,279.72267839450006
4,2024-06,3221.598897586059,141589.27228050004,3.221598897586059,141.58927228050004
4,2024-07,2465.0378908396,75482.16707058824,2.4650378908396,75.48216707058825
4,2024-08,4450.022624683,67882.46307700001,4.450022624683,67.88246307700001
4,2024-09,2993.3798933665,81852.88552941177,2.9933798933665,81.85288552941176
4,2024-10,967.9847365029707,256548.77982250004,0.9679847365029707,256.5487798225
4,2024-11,6107.826007992406,397.311035,6.107826007992406,0.397311035
4,2024-12,8224.117047494417,118285.28787123531,8.224117047494417,118.28528787123531
4,2025-01,2776.0026244712235,268273.8036226471,2.7760026244712237,268.27380362264705
4,2025-02,6776.056242371695,25836.936400000002,6.776056242371695,25.836936400000003
4,2025-03,3174.8416916796473,849020.7390610001,3.174841691679647,849.0207390610001
4,2025-04,3103.0391990160706,8209.396085,3.1030391990160706,8.209396085
4,2025-05,14187.406202494989,489783.65196750005,14.187406202494989,489.7836519675
4,2025-06,2667.392786274247,333.54915000000005,2.667392786274247,0.33354915000000007
4,2025-07,491.2569654175,569368.5349323531,0.4912569654175,569.3685349323531
4,2025-08,2941.2515501385587,161850.34153200002,2.9412515501385585,161.85034153200002
4,2025-09,3881.230916100388,279698.54767670593,3.8812309161003884,279.6985476767059
4,2025-10,4741.871068171112,23202.786200000002,4.741871068171112,23.202786200000002
4,2025-11,2267.690504646259,35602.457,2.267690504646259,35.602457
4,2025-12,6684.044033944636,366630.83952647063,6.684044033944636,366.63083952647065
4,2026-01,3761.885814899,32029.069825500002,3.7618858148989998,32.0290698255
4,2026-02,1822.6197585266884,169805.19765000002,1.8226197585266883,169.80519765000003
4,2026-03,5508.4786669238,600633.6471245001,5.5084786669238,600.6336471245002
4,2026-04,10488.44924602826,93370.53462647059,10.48844924602826,93.37053462647059
4,2026-05,5798.420317550188,95921.4170911765,5.798420317550188,95.9214170911765
4,2026-06,6188.889714860317,12946.913692058824,6.188889714860317,12.946913692058825
4,2026-07,8830.454282720682,92041.920861,8.830454282720682,92.04192086100001
4,2026-08,8048.740496588036,33323.72932382353,8.048740496588035,33.32372932382353
4,2026-09,8109.390984867059,285167.75925,8.109390984867058,285.16775925
4,2026-10,5971.824708337435,35151.504839,5.971824708337436,35.151504839
4,2026-11,6081.115507519012,227936.47201017648,6.081115507519012,227.9364720101765
4,2026-12,1214.7154693585412,348698.11957200005,1.2147154693585411,348.69811957200005
4,2027-01,1517.3400460128237,342387.26608900004,1.5173400460128237,342.38726608900004
4,2027-02,6942.031962217595,5220.181450000002,6.9420319622175946,5.220181450000002
4,2027-03,4091.5554721580475,252051.46539100003,4.091555472158047,252.05146539100002
4,2027-04,3428.5046931142588,358691.54486,3.4285046931142587,358.69154486
4,2027-05,7238.354666811495,54.69970000000001,7.238354666811495,0.054699700000000004
4,2027-06,4109.881879567406,113370.75785200001,4.109881879567406,113.37075785200001
4,2027-07,3855.23779807,285959.462844,3.8552377980699997,285.95946284400003
4,2027-08,4301.799438887407,11950.834995000001,4.301799438887406,11.950834995000001
4,2027-09,3362.3043917156,291014.230386,3.3623043917156,291.014230386
4,2027-10,1799.3117540156472,116784.36879450001,1.7993117540156471,116.78436879450001
4,2027-11,2735.1366426634,63892.80700000001,2.7351366426634,63.892807000000005
4,2027-12,7565.733619577812,156576.5755235,7.565733619577812,156.5765755235
4,2028-01,431.542302445,112511.15524000001,0.431542302445,112.51115524000001
4,2028-02,3475.9933190384,626504.9723877354,3.4759933190384,626.5049723877354
4,2028-03,8035.301928011835,175853.639698,8.035301928011835,175.85363969800002
4,2028-04,2970.430555821647,47184.9447882353,2.970430555821647,47.1849447882353
4,2028-05,6858.2499836972,946756.3147570001,6.8582499836972,946.756314757
4,2028-06,4240.72810689993,259.38605000000007,4.24072810689993,0.2593860500000001
4,2028-07,10018.422805945953,712777.7504650002,10.018422805945953,712.7777504650002
5,2024-01,3834.1981513434944,7749.13035,3.8341981513434944,7.749130350000001
5,2024-02,1665.7650000172237,39150.7626,1.6657650000172237,39.1507626
5,2024-03,3726.2989307031185,43092.5745,3.7262989307031185,43.092574500000005
5,2024-04,1110.1249550835296,125516.61284,1.1101249550835295,125.51661284000001
5,2024-05,3297.718352097565,361953.18897058826,3.297718352097565,361.95318897058826
5,2024-06,5186.329558775253,220832.44881,5.1863295587752525,220.83244881
5,2024-07,4588.32795280413,52488.82165,4.58832795280413,52.48882165
5,2024-08,7197.69456269,221280.83336000002,7.19769456269,221.28083336000003
5,2024-09,1710.9760963957058,20180.706239999996,1.7109760963957057,20.180706239999996
5,2024-10,6446.216880074265,9247.5,6.446216880074265,9.2475
5,2024-11,12689.28742350197,1325388.996025,12.68928742350197,1325.388996025
5,2024-12,7195.3676757449,19359.704,7.1953676757449,19.359704
5,2025-01,7005.816134713907,10868.742,7.005816134713907,10.868742000000001
5,2025-02,4678.1104042678,98268.90975882353,4.6781104042678,98.26890975882353
5,2025-03,2786.87405962,102113.65208,2.78687405962,102.11365208
5,2025-04,6121.39128645773,53093.4455,6.12139128645773,53.0934455
5,2025-05,4884.436535440377,120515.21522000001,4.884436535440377,120.51521522000002
5,2025-06,7141.481532583,71.69800000000001,7.141481532583001,0.07169800000000001
5,2025-07,13273.252456962731,165688.07407,13.273252456962732,165.68807407
5,2025-08,5178.658480803671,137239.05989,5.178658480803671,137.23905989
5,2025-09,4984.232142831259,12596.0711,4.984232142831259,12.5960711
5,2025-10,2987.3671060825413,731889.13535,2.9873671060825413,731.88913535
5,2025-11,1224.312650966,134.2635,1.224312650966,0.13426349999999998
5,2025-12,1174.3589822388235,91969.09572,1.1743589822388234,91.96909572
5,2026-01,912.3455097026823,36561.018149999996,0.9123455097026824,36.561018149999995
5,2026-02,7421.566316049541,90062.35676000001,7.421566316049541,90.06235676000001
5,2026-03,1603.251111738,43.6095,1.603251111738,0.043609499999999995
5,2026-04,2858.5399590794,29719.031470588234,2.8585399590794,29.719031470588234
5,2026-05,5881.217547955859,222622.13394676472,5.881217547955859,222.6221339467647
5,2026-06,1073.3638250413649,547949.78565,1.0733638250413648,547.94978565
5,2026-07,1667.3236618980354,50592.5822,1.6673236618980354,50.592582199999995
5,2026-08,1497.300520672106,49793.18611,1.497300520672106,49.79318611
5,2026-09,8605.631762505212,130.493,8.605631762505212,0.130493
5,2026-10,11665.763699527,1400333.57211,11.665763699527,1400.33357211
5,2026-11,3103.4969843929707,23720.30529705882,3.1034969843929705,23.72030529705882
5,2026-12,2351.055922632,148044.54730500001,2.3510559226320003,148.044547305
5,2027-01,4345.7545216028,11178.8365,4.3457545216028,11.1788365
5,2027-02,4534.469529891853,277845.949985,4.534469529891854,277.845949985
5,2027-03,10761.215188374765,709878.0478549999,10.761215188374765,709.8780478549999
5,2027-04,7718.1752115132,225859.33471,7.7181752115132,225.85933470999998
5,2027-05,3429.8383311151297,929166.1320100001,3.4298383311151297,929.1661320100001
5,2027-06,4941.191466052965,553629.7803132352,4.941191466052965,553.6297803132352
5,2027-07,3363.3280740593473,86638.827,3.363328074059347,86.638827
5,2027-08,5473.661251188694,284593.77233,5.473661251188695,284.59377233
5,2027-09,2471.594263330106,736730.762284706,2.4715942633301062,736.730762284706
5,2027-10,2623.692373553971,51461.96075000001,2.623692373553971,51.46196075000001
5,2027-11,5363.779083172671,107656.83761764706,5.363779083172671,107.65683761764706
5,2027-12,7534.25826363673,241461.05094,7.53425826363673,241.46105093999998
5,2028-01,6708.161587217701,139134.11586999998,6.708161587217701,139.13411587
5,2028-02,4390.1696793488,137245.38375500002,4.3901696793488,137.245383755
5,2028-03,6752.682218725713,1181926.9438270587,6.752682218725713,1181.9269438270587
5,2028-04,7547.6109408119,103579.59531705883,7.5476109408119,103.57959531705883
5,2028-05,3321.6676542195237,85856.04376,3.3216676542195236,85.85604376
5,2028-06,4771.1173755932,142.262,4.7711173755932,0.142262
5,2028-07,441.55934950211764,450930.47494999995,0.4415593495021176,450.93047494999996
6,2024-01,12738.8904074955,344467.489044,12.7388904074955,344.467489044
6,2024-02,5803.690390177348,148760.3196198,5.803690390177348,148.7603196198
6,2024-03,8685.487041825483,209575.36236,8.685487041825484,209.57536235999999
6,2024-04,15034.919236586658,98585.96816484707,15.034919236586658,98.58596816484707
6,2024-05,1974.6000939784,41104.5049884,1.9746000939784,41.104504988399995
6,2024-06,7273.1303642632,14651.76846,7.2731303642632,14.65176846
6,2024-07,8708.344927635506,15028.4677452,8.708344927635506,15.0284677452
6,2024-08,5743.285892081447,200297.70528624707,5.743285892081447,200.29770528624707
6,2024-09,4578.522339236265,224976.59908648234,4.578522339236265,224.97659908648234
6,2024-10,24239.54844504348,48106.2689184,24.239548445043482,48.1062689184
6,2024-11,4202.2266799208,175706.4726228,4.2022266799208,175.70647262280002
6,2024-12,5589.0696858099,11055.738943199998,5.5890696858099,11.055738943199998
6,2025-01,332.45657425720594,32730.8856672,0.33245657425720593,32.7308856672
6,2025-02,3937.1449292771063,186999.7719324,3.9371449292771064,186.9997719324
6,2025-03,9895.957465268248,86082.39906,9.895957465268248,86.08239906
6,2025-04,10469.39575979794,124253.413683,10.46939575979794,124.253413683
6,2025-05,705.1146888156,74890.67292,0.7051146888155999,74.89067292
6,2025-06,1335.2911793447058,119787.87954,1.3352911793447058,119.78787953999999
6,2025-07,6356.48181950353,290304.77896559995,6.3564818195035295,290.30477896559995
6,2025-08,6546.835564473488,46039.67458094117,6.546835564473488,46.039674580941174
6,2025-09,3722.8285064648003,17529.204629999997,3.7228285064648,17.529204629999995
6,2025-10,3680.873215116106,19370.237099294118,3.6808732151161063,19.37023709929412
6,2025-11,3013.1613228841416,856004.6730186001,3.0131613228841414,856.0046730186001
6,2025-12,3350.261576930165,39506.491332,3.350261576930165,39.506491331999996
6,2026-01,5481.810158725718,5715.07356,5.481810158725718,5.7150735599999996
6,2026-02,1222.6334244192,166252.14315952943,1.2226334244192,166.25214315952942
6,2026-03,7905.498817919794,202688.69825400002,7.905498817919795,202.68869825400003
6,2026-04,2419.7259869100003,210841.89094080005,2.4197259869100005,210.84189094080006
6,2026-05,3057.2131101251,342799.0217078824,3.0572131101250997,342.7990217078824
6,2026-06,9319.815334962794,153123.0993222,9.319815334962794,153.1230993222
6,2026-07,3669.0597176835063,235233.4532268,3.6690597176835062,235.23345322679998
6,2026-08,5111.842191546941,35609.615873999996,5.11184219154694,35.60961587399999
6,2026-09,6963.422774728201,235323.56063999998,6.963422774728201,235.32356063999998
6,2026-10,729.6550621824235,129767.069712,0.7296550621824235,129.767069712
6,2026-11,2523.1964222958236,162883.12244894117,2.5231964222958236,162.88312244894118
6,2026-12,2333.540373597,197498.09405587058,2.3335403735969997,197.49809405587058
6,2027-01,5547.977823955601,423863.95828757645,5.547977823955601,423.86395828757645
6,2027-02,4608.418242291542,11705.612519999999,4.608418242291542,11.705612519999999
6,2027-03,7257.7405324480005,50272.457575199995,7.257740532448,50.272457575199994
6,2027-04,5737.981892238601,77052.8469648,5.737981892238601,77.0528469648
6,2027-05,5351.497805482189,434981.5125194823,5.351497805482189,434.9815125194823
6,2027-06,5885.675429447718,1162796.8582081764,5.885675429447717,1162.7968582081764
6,2027-07,7188.001499505589,467461.95892199996,7.188001499505589,467.46195892199995
6,2027-08,2193.2482297908473,15546.252792,2.1932482297908473,15.546252791999999
6,2027-09,7968.160752369001,211765.027551,7.968160752369001,211.765027551
6,2027-10,1980.0984611634353,56583.3534588,1.9800984611634354,56.5833534588
6,2027-11,3340.9911244267764,29487.14471294118,3.3409911244267763,29.48714471294118
6,2027-12,3527.864827935882,492129.1237968,3.527864827935882,492.1291237968
6,2028-01,6875.782297290901,266061.0037806,6.8757822972909,266.06100378059995
6,2028-02,12455.676985651276,429480.62052,12.455676985651277,429.48062052
6,2028-03,8007.612263590459,165.59843999999998,8.00761226359046,0.16559843999999999
6,2028-04,2343.3961251078354,4884.86124,2.3433961251078355,4.88486124
6,2028-05,12765.83727722986,28762.1671638,12.765837277229862,28.7621671638
6,2028-06,4237.372932312001,94.56342000000001,4.237372932312001,0.09456342000000001
6,2028-07,2606.653395740059,61.64003999999999,2.606653395740059,0.06164003999999999
7,2024-01,10445.090237234312,164134.550565,10.44509023723431,164.134550565
7,2024-02,22278.860668688296,55125.43551529412,22.278860668688296,55.12543551529412
7,2024-03,4615.7195236852,311624.4348150882,4.6157195236852,311.62443481508825
7,2024-04,8725.786015707225,10559.82645,8.725786015707225,10.559826450000001
7,2024-05,49016.8112082226,204401.899899,49.0168112082226,204.401899899
7,2024-06,4271.043675881812,13322.897608500001,4.271043675881812,13.322897608500002
7,2024-07,2042.715736473,98678.79744750001,2.042715736473,98.6787974475
7,2024-08,17244.339707368,311293.742256,17.244339707368,311.293742256
7,2024-09,5945.1281615329,99378.11354029411,5.9451281615328995,99.37811354029411
7,2024-10,5609.627778928,123838.9132365,5.609627778928,123.83891323649999
7,2024-11,4787.969417517565,86883.003387,4.787969417517565,86.883003387
7,2024-12,10514.119404659501,130869.65198700002,10.514119404659501,130.86965198700003
7,2025-01,3081.824335842353,38824.0893,3.0818243358423527,38.8240893
7,2025-02,5396.2549389177,75536.8542,5.3962549389177,75.53685420000001
7,2025-03,4994.8924102682295,232104.92569200002,4.994892410268229,232.10492569200002
7,2025-04,3189.5799191405413,193681.0868577353,3.189579919140541,193.6810868577353
7,2025-05,4868.069478374188,264780.30942899996,4.8680694783741885,264.78030942899994
7,2025-06,2982.6286835925766,31855.602987000006,2.982628683592577,31.855602987000005
7,2025-07,7806.798504590906,251991.68537250004,7.8067985045909065,251.99168537250003
7,2025-08,11974.244290093382,92332.50488735293,11.974244290093383,92.33250488735293
7,2025-09,3349.3170694824703,739585.9300545001,3.34931706948247,739.5859300545001
7,2025-10,13462.435930313717,370234.24521300005,13.462435930313717,370.23424521300007
7,2025-11,1218.2460516200001,364500.301851,1.2182460516200002,364.500301851
7,2025-12,1450.9445254339412,30703.598145000007,1.4509445254339413,30.703598145000008
7,2026-01,17208.093090080212,1829824.5135285,17.20809309008021,1829.8245135285
7,2026-02,7764.899934031313,195986.03624550003,7.764899934031313,195.98603624550003
7,2026-03,6927.785999388118,112806.27297900002,6.927785999388118,112.80627297900001
7,2026-04,2994.5773218116706,3003.72813,2.9945773218116707,3.00372813
7,2026-05,6213.711573848671,280822.97889,6.213711573848671,280.82297889
7,2026-06,3337.358632749906,62489.04722364706,3.337358632749906,62.48904722364706
7,2026-07,8292.84140194419,262077.30221982356,8.29284140194419,262.07730221982354
7,2026-08,3731.0106440855297,799.25985,3.7310106440855297,0.79925985
7,2026-09,3177.926957035706,24594.617322000002,3.177926957035706,24.594617322
7,2026-10,877.4473271368236,42971.554395,0.8774473271368236,42.971554395
7,2026-11,3525.9492655224944,34074.1673955,3.5259492655224944,34.0741673955
7,2026-12,2674.1579986081174,45730.71585000001,2.674157998608117,45.73071585000001
7,2027-01,4012.1447509121,1235380.2988873234,4.0121447509121,1235.3802988873233
7,2027-02,16152.032473767378,347578.1565284118,16.152032473767377,347.5781565284118
7,2027-03,6757.954997345094,14967.49374,6.757954997345094,14.96749374
7,2027-04,4109.5967629229535,6186.3835500000005,4.109596762922954,6.18638355
7,2027-05,3019.2418478171003,394.01072999999997,3.0192418478171,0.39401073
7,2027-06,4346.7511748836,22218.8823,4.346751174883599,22.2188823
7,2027-07,7545.191526902,72747.20586176471,7.545191526902,72.74720586176471
7,2027-08,2828.5717048953998,52290.414207,2.8285717048953996,52.290414207000005
7,2027-09,4300.958157596471,206695.93239000003,4.3009581575964715,206.69593239000002
7,2027-10,4538.0671286326005,46525.97734650001,4.5380671286326,46.525977346500014
7,2027-11,2456.523907051506,164903.7291705,2.4565239070515057,164.90372917050001
7,2027-12,7770.537212325941,219652.514073,7.770537212325941,219.652514073
7,2028-01,12178.430478219083,206205.65851500002,12.178430478219083,206.205658515
7,2028-02,18308.999131527442,5450.1957,18.308999131527443,5.4501957
7,2028-03,5859.9458339964,604237.8558782648,5.859945833996401,604.2378558782648
7,2028-04,13076.203598582,354560.40092249995,13.076203598582,354.5604009224999
7,2028-05,2881.531316242871,79102.1916,2.8815313162428713,79.10219160000001
7,2028-06,10788.513588305272,89977.7114235,10.788513588305271,89.97771142350001
7,2028-07,2572.4961902798823,260.77185,2.572496190279882,0.26077184999999997
8,2024-01,5091.7978564616005,33793.309550000005,5.091797856461601,33.793309550000004
8,2024-02,3134.0606650436002,304612.106502,3.1340606650436,304.612106502
8,2024-03,5641.147939651223,67406.68452941178,5.641147939651223,67.40668452941178
8,2024-04,5742.301961599559,276213.91086850007,5.742301961599559,276.2139108685001
8,2024-05,5410.559697445736,601790.2737,5.410559697445736,601.7902737000001
8,2024-06,3259.2252258646354,99559.69256200001,3.2592252258646353,99.55969256200001
8,2024-07,8663.681943661106,109376.62974279412,8.663681943661105,109.37662974279412
8,2024-08,10095.200094338024,8508.960735,10.095200094338024,8.508960735
8,2024-09,10127.977060063742,126553.10465600001,10.127977060063742,126.55310465600002
8,2024-10,7741.297650982388,440426.2771315001,7.741297650982388,440.42627713150006
8,2024-11,6187.832862754965,7167.570850000001,6.1878328627549655,7.167570850000001
8,2024-12,4557.422488613906,512099.4605870001,4.5574224886139065,512.0994605870002
8,2025-01,1423.3259387487767,1233.979505,1.4233259387487767,1.233979505
8,2025-02,2981.3542004823057,84962.30563700001,2.981354200482306,84.96230563700001
8,2025-03,3293.73545638,111939.95860882354,3.29373545638,111.93995860882353
8,2025-04,11450.735379774036,65644.40080000002,11.450735379774036,65.64440080000001
8,2025-05,1874.0388940036353,1133.42152,1.8740388940036352,1.1334215200000002
8,2025-06,1721.497908158,734722.862148,1.721497908158,734.722862148
8,2025-07,10777.230715365307,414375.823136,10.777230715365308,414.375823136
8,2025-08,4010.94755092453,59565.68054411765,4.01094755092453,59.56568054411765
8,2025-09,3218.1754792558827,125018.71229876472,3.2181754792558825,125.01871229876471
8,2025-10,7026.4241047016,153256.92522476474,7.026424104701601,153.25692522476473
8,2025-11,3959.469668363882,180527.07440350004,3.9594696683638824,180.52707440350005
8,2025-12,13475.562013492894,462605.0464915001,13.475562013492894,462.6050464915001
8,2026-01,5198.870043273901,1501109.2574995004,5.1988700432739,1501.1092574995005
8,2026-02,8282.048049335683,31500.0576,8.282048049335682,31.5000576
8,2026-03,13188.484339606854,387.4442000000001,13.188484339606854,0.38744420000000007
8,2026-04,4639.242587592495,167104.14435000002,4.639242587592495,167.10414435
8,2026-05,3142.5956453823765,45839.096502941175,3.1425956453823765,45.839096502941175
8,2026-06,5491.746698058541,81249.23529411765,5.491746698058542,81.24923529411765
8,2026-07,10785.1622919002,433055.080106,10.7851622919002,433.055080106
8,2026-08,5094.3125975186595,592.6591000000001,5.09431259751866,0.5926591000000001
8,2026-09,2193.1874977798,384667.338968,2.1931874977798,384.667338968
8,2026-10,3390.0061410076473,138916.496004,3.3900061410076474,138.91649600399998
8,2026-11,26017.198749240026,577419.650874,26.017198749240027,577.419650874
8,2026-12,5144.177695787642,681389.4015098824,5.144177695787642,681.3894015098824
8,2027-01,12232.34172349393,109587.75615958824,12.23234172349393,109.58775615958824
8,2027-02,2762.3562143465647,156.47830000000002,2.7623562143465645,0.15647830000000001
8,2027-03,7832.098098508742,517529.4658331471,7.832098098508742,517.5294658331471
8,2027-04,1644.0379072185294,136427.94253,1.6440379072185294,136.42794253
8,2027-05,2245.877586743212,56875.178250000004,2.245877586743212,56.875178250000005
8,2027-06,739.0514189855766,111487.37720805884,0.7390514189855766,111.48737720805885
8,2027-07,2321.00630394,113550.7074405,2.32100630394,113.5507074405
8,2027-08,5126.434410346224,597579.86552,5.126434410346223,597.57986552
8,2027-09,3412.0043588214703,57437.04247600001,3.4120043588214704,57.43704247600001
8,2027-10,9229.380382016378,293327.7582024706,9.229380382016377,293.3277582024706
8,2027-11,8223.501351561654,24596.8734,8.223501351561653,24.5968734
8,2027-12,1795.220845016353,273758.03252600005,1.795220845016353,273.7580325260001
8,2028-01,10658.1606800642,19270.924005882356,10.658160680064201,19.270924005882357
8,2028-02,5124.160799946177,267903.8410328824,5.124160799946177,267.9038410328824
8,2028-03,6232.8009705474005,128659.30000000002,6.232800970547401,128.65930000000003
8,2028-04,5262.264592602801,68456.07812450001,5.262264592602801,68.45607812450001
8,2028-05,23886.37485964786,81694.08635299999,23.886374859647862,81.69408635299999
8,2028-06,9694.749390653871,15330.449386999999,9.694749390653872,15.330449386999998
8,2028-07,15372.457643808259,1342925.9442555003,15.372457643808259,1342.9259442555003
9,2024-01,1113.2928038924001,148858.029947,1.1132928038924002,148.858029947
9,2024-02,5378.7566726244,68349.329642,5.378756672624401,68.349329642
9,2024-03,3584.0927313918,491795.95029432356,3.5840927313918,491.7959502943236
9,2024-04,7051.251384183113,114369.03180935296,7.0512513841831135,114.36903180935296
9,2024-05,2024.8712034361768,22042.3247,2.024871203436177,22.0423247
9,2024-06,7178.802415734684,313785.8549265,7.178802415734683,313.7858549265
9,2024-07,4315.250977661177,21340.780450000002,4.315250977661177,21.34078045
9,2024-08,967.5265870920236,243731.40720500002,0.9675265870920237,243.73140720500004
9,2024-09,2448.6319346131763,66503.262331,2.4486319346131764,66.503262331
9,2024-10,3308.108445316,209603.323963,3.3081084453160003,209.603323963
9,2024-11,9019.29759854956,258157.17066150001,9.01929759854956,258.1571706615
9,2024-12,11596.11599541503,470090.0178590001,11.59611599541503,470.09001785900006
9,2025-01,8591.347547723753,1109.19622,8.591347547723753,1.10919622
9,2025-02,4152.153523954777,6063.22145,4.152153523954777,6.06322145
9,2025-03,1363.3822990188,224259.005069,1.3633822990188,224.259005069
9,2025-04,7252.7349498464,15878.741065,7.2527349498464,15.878741065
9,2025-05,2559.7016875067297,27321.864047500003,2.5597016875067298,27.321864047500004
9,2025-06,3972.7436571167536,42992.65872000001,3.972743657116754,42.99265872000001
9,2025-07,3795.906437732,1859047.5422915001,3.795906437732,1859.0475422915001
9,2025-08,7523.232446132423,223716.493132,7.523232446132424,223.716493132
9,2025-09,9187.134711959372,563159.8082841177,9.187134711959372,563.1598082841177
9,2025-10,8259.899551753382,223732.23283950004,8.259899551753382,223.73223283950003
9,2025-11,4445.6800032442,155661.87383935298,4.4456800032442,155.66187383935298
9,2025-12,2237.1613665040704,143244.90081000002,2.2371613665040706,143.24490081000002
9,2026-01,5601.430890893065,130175.57691599999,5.601430890893065,130.17557691599998
9,2026-02,7171.8310501316,138373.08515800003,7.1718310501316,138.37308515800004
9,2026-03,6519.032529811436,34.43495,6.519032529811436,0.03443495
9,2026-04,3465.62993104313,277382.63496058824,3.46562993104313,277.38263496058823
9,2026-05,28824.134449470806,130207.23713800001,28.824134449470808,130.207237138
9,2026-06,2738.400696478012,368984.83053300006,2.738400696478012,368.98483053300004
9,2026-07,3068.1713993015,468977.77949000004,3.0681713993015,468.97777949000005
9,2026-08,11339.248194544742,516184.69200650003,11.33924819454474,516.1846920065001
9,2026-09,7656.8992594904,88921.21700452943,7.6568992594904,88.92121700452944
9,2026-10,9617.624158253284,31723.059313,9.617624158253284,31.723059313
9,2026-11,3867.891766966206,453341.34416450013,3.867891766966206,453.34134416450013
9,2026-12,5950.091618254701,277162.38198452943,5.9500916182547,277.1623819845294
9,2027-01,1814.1617600042,57.86055,1.8141617600042,0.057860550000000004
9,2027-02,6085.854264494759,26521.67465200001,6.085854264494759,26.52167465200001
9,2027-03,5824.2345885166005,123992.58905000001,5.8242345885166005,123.99258905
9,2027-04,1161.4249454749176,24179.701810000002,1.1614249454749177,24.17970181
9,2027-05,919.31577314,36020.397039,0.91931577314,36.020397039
9,2027-06,7591.654591499671,624345.4118385001,7.591654591499672,624.3454118385
9,2027-07,4694.719078280088,129302.33332500001,4.694719078280088,129.302333325
9,2027-08,6853.335185378401,1361.6257050000002,6.853335185378401,1.3616257050000002
9,2027-09,1694.5099840308237,24461.79175,1.6945099840308238,24.46179175
9,2027-10,8200.844250407135,153108.7665411765,8.200844250407135,153.1087665411765
9,2027-11,11564.717055665753,45517.739443,11.564717055665753,45.517739442999996
9,2027-12,6021.6872131341,461116.9920555,6.0216872131341,461.11699205549996
9,2028-01,4100.797135765694,388.0054200000001,4.100797135765695,0.38800542000000005
9,2028-02,1829.8224361382352,57179.37453702941,1.8298224361382351,57.17937453702941
9,2028-03,5264.443594946835,105815.39430000001,5.264443594946835,105.81539430000001
9,2028-04,9264.832623802893,341142.99029185297,9.264832623802892,341.142990291853
9,2028-05,1033.8475206486823,1180.8314650000002,1.0338475206486823,1.1808314650000002
9,2028-06,2459.5894136091647,29812.965974000002,2.4595894136091645,29.812965974
9,2028-07,967.7900760946941,824613.6061735,0.9677900760946941,824.6136061735
10,2024-01,5093.967979797994,219898.71355274116,5.093967979797994,219.89871355274116
10,2024-02,3217.4927411486,40877.2041342,3.2174927411486003,40.8772041342
10,2024-03,5342.3277917445,262387.0401096,5.3423277917445,262.3870401096
10,2024-04,2510.8223967464,61950.274679999995,2.5108223967464,61.95027467999999
10,2024-05,873.195391456,40879.937498399995,0.873195391456,40.8799374984
10,2024-06,2783.2806750971004,39063.84686399999,2.7832806750971004,39.06384686399999
10,2024-07,583.08168291,69890.79746978823,0.5830816829100001,69.89079746978823
10,2024-08,2854.174373581065,2559468.6613062,2.854174373581065,2559.4686613062
10,2024-09,8820.271438996066,65043.7660236,8.820271438996066,65.0437660236
10,2024-10,6812.471313972201,297580.665564,6.812471313972201,297.580665564
10,2024-11,4646.354440404501,173887.56001655295,4.646354440404501,173.88756001655295
10,2024-12,6047.374363861154,32240.20926,6.047374363861154,32.24020926
10,2025-01,14752.805940890525,1026.757158,14.752805940890525,1.026757158
10,2025-02,10668.5933337292,24251.600421176467,10.6685933337292,24.251600421176466
10,2025-03,9885.022798375147,64603.90019258824,9.885022798375147,64.60390019258824
10,2025-04,7280.9327463902,923768.3962836001,7.2809327463902,923.7683962836002
10,2025-05,4239.21701379627,110780.7050238,4.23921701379627,110.7807050238
10,2025-06,685.1228442305294,139192.043361,0.6851228442305294,139.192043361
10,2025-07,7025.178891444118,657033.9072864,7.025178891444118,657.0339072864
10,2025-08,1853.7659676104001,89317.33421519998,1.8537659676104001,89.31733421519998
10,2025-09,2639.9445259607646,418483.112943,2.6399445259607646,418.483112943
10,2025-10,3934.693652332771,144330.71542482352,3.9346936523327707,144.33071542482352
10,2025-11,6099.775779056224,868505.3233163998,6.099775779056223,868.5053233163998
10,2025-12,3236.735065738212,144160.2816906,3.236735065738212,144.16028169060002
10,2026-01,5997.5333409944,38744.86394470588,5.9975333409944,38.744863944705884
10,2026-02,9524.907576360882,373697.8672098,9.524907576360881,373.6978672098
10,2026-03,4676.30424414793,438.37584000000004,4.67630424414793,0.43837584
10,2026-04,3461.892461557824,82157.5182317647,3.461892461557824,82.1575182317647
10,2026-05,4927.167431689601,231190.7035704,4.9271674316896,231.1907035704
10,2026-06,3056.266527060871,140.0448,3.056266527060871,0.1400448
10,2026-07,2440.652189632765,122960.69298907058,2.440652189632765,122.96069298907058
10,2026-08,2812.4630257861763,167636.96502,2.8124630257861765,167.63696502
10,2026-09,11956.466846387113,179466.3738,11.956466846387112,179.4663738
10,2026-10,2130.881167804765,608434.295133,2.130881167804765,608.434295133
10,2026-11,4458.294825249694,30388.715032199998,4.458294825249695,30.388715032199997
10,2026-12,2956.472694339659,1042421.5388068588,2.956472694339659,1042.4215388068587
10,2027-01,4311.068463268648,186197.73162875292,4.311068463268648,186.19773162875293
10,2027-02,1966.5151096798,49499.138631600006,1.9665151096798,49.499138631600005
10,2027-03,5193.747609774106,45120.604183200005,5.193747609774106,45.1206041832
10,2027-04,16807.9489639178,30924.1023,16.8079489639178,30.924102299999998
10,2027-05,2041.7605598023176,36682.429769999995,2.0417605598023174,36.68242976999999
10,2027-06,6031.496204632165,940245.1471182001,6.031496204632165,940.2451471182001
10,2027-07,11441.68474188506,16281.76536,11.441684741885059,16.281765359999998
10,2027-08,7130.136492917729,570232.751109,7.130136492917729,570.232751109
10,2027-09,2821.5280368203003,241577.11817400003,2.8215280368203004,241.57711817400002
10,2027-10,5928.22733814533,441239.5219386,5.92822733814533,441.2395219386
10,2027-11,1913.8844194508001,359778.0282894,1.9138844194508002,359.77802828939997
10,2027-12,3858.373685669459,13604.0150484,3.8583736856694593,13.6040150484
10,2028-01,2162.8214267047647,553139.2555075058,2.1628214267047645,553.1392555075058
10,2028-02,5492.969985546765,48930.195921599996,5.4929699855467655,48.930195921599996
10,2028-03,10568.490436530401,31589.161898823528,10.568490436530402,31.589161898823527
10,2028-04,1630.740851266,39899.26248,1.630740851266,39.89926248
10,2028-05,1980.8209409396002,1624.709898,1.9808209409396003,1.624709898
10,2028-06,2386.1679253655766,7024.3905731999985,2.3861679253655765,7.024390573199998
10,2028-07,5570.078128848918,18183.316619999998,5.570078128848918,18.18331662
11,2024-01,9198.772538823941,229324.41602755885,9.198772538823942,229.32441602755884
11,2024-02,4362.918531391377,506813.8529591177,4.362918531391377,506.8138529591177
11,2024-03,670.8404055873647,185098.56219411767,0.6708404055873647,185.09856219411768
11,2024-04,9265.880272676848,403240.908653,9.265880272676847,403.240908653
11,2024-05,7924.399695117324,758879.9198530001,7.924399695117324,758.879919853
11,2024-06,5920.550601007801,1368817.20635,5.9205506010078,1368.81720635
11,2024-07,1283.8883977330236,101528.50720294117,1.2838883977330235,101.52850720294117
11,2024-08,1916.2988023344471,214674.73241111767,1.9162988023344472,214.67473241111767
11,2024-09,2232.848298898659,1051.5933450000002,2.232848298898659,1.0515933450000001
11,2024-10,1739.027960764647,146647.44962352942,1.739027960764647,146.6474496235294
11,2024-11,6282.557652554652,26832.839462000004,6.282557652554652,26.832839462000003
11,2024-12,6605.3314746582,9487.828900000002,6.6053314746582,9.487828900000002
11,2025-01,6147.906640904701,1325961.031417,6.147906640904701,1325.9610314170002
11,2025-02,9649.95333355103,38053.28907600001,9.64995333355103,38.053289076000006
11,2025-03,5776.261270039459,112024.13365,5.776261270039459,112.02413365000001
11,2025-04,9338.844370823928,95664.44275300002,9.338844370823928,95.66444275300003
11,2025-05,4101.5634125996,122783.1,4.1015634125996,122.7831
11,2025-06,1522.2343580909705,557233.8916672647,1.5222343580909705,557.2338916672647
11,2025-07,2944.1762841791765,34671.49996200001,2.9441762841791763,34.671499962000006
11,2025-08,1810.3820797860412,4693.708929411765,1.8103820797860413,4.693708929411765
11,2025-09,6430.541171638236,330393.76331500005,6.430541171638236,330.39376331500006
11,2025-10,3399.300622606565,395808.1040041765,3.3993006226065647,395.8081040041765
11,2025-11,2728.9734297749883,18321.951835,2.7289734297749884,18.321951835
11,2025-12,4436.2435975707,818326.7089910001,4.436243597570701,818.326708991
11,2026-01,6384.655134820153,46266.039600000004,6.384655134820153,46.266039600000006
11,2026-02,6675.8555895925,136.78335,6.6758555895925005,0.13678335000000003
11,2026-03,6153.978801336512,34643.45555,6.153978801336512,34.64345555
11,2026-04,7915.4404166077,419078.10115600005,7.915440416607701,419.07810115600006
11,2026-05,2005.8019171494707,510.33900500000004,2.0058019171494705,0.5103390050000001
11,2026-06,2748.7950668050003,84544.17730000001,2.748795066805,84.54417730000002
11,2026-07,12714.75079160298,11851.491850000002,12.714750791602981,11.851491850000002
11,2026-08,5042.022359017929,553828.790196,5.042022359017929,553.828790196
11,2026-09,1934.3473960111767,123611.38570000001,1.9343473960111768,123.61138570000001
11,2026-10,5466.147020270977,142767.944286,5.466147020270977,142.76794428600002
11,2026-11,3382.1638940658822,597403.9058705883,3.382163894065882,597.4039058705882
11,2026-12,5293.6023441825,113355.32643050002,5.2936023441825,113.35532643050001
11,2027-01,1057.259737758,1764194.4957615004,1.057259737758,1764.1944957615005
11,2027-02,3282.2534849803997,502832.88022000005,3.2822534849803997,502.83288022000005
11,2027-03,2116.9220634064004,126474.23642700004,2.1169220634064003,126.47423642700004
11,2027-04,745.7223628807765,16662.1906,0.7457223628807764,16.662190600000002
11,2027-05,8189.2444904321,329417.41295682354,8.1892444904321,329.4174129568235
11,2027-06,1968.8755762164,1380.7967250000002,1.9688755762164,1.3807967250000002
11,2027-07,8124.408859029171,274169.8167314118,8.124408859029172,274.1698167314118
11,2027-08,5934.208105548953,109489.25980882354,5.9342081055489535,109.48925980882353
11,2027-09,3871.582554849012,481713.3065305,3.871582554849012,481.7133065305
11,2027-10,3269.39291364,6.640700000000001,3.2693929136400004,0.006640700000000001
11,2027-11,2348.669771739559,757483.627032,2.348669771739559,757.483627032
11,2027-12,4861.818787552142,159141.509835,4.861818787552141,159.141509835
11,2028-01,8095.527504297647,205983.8526955,8.095527504297648,205.98385269550002
11,2028-02,8179.002165538765,39001.806668000005,8.179002165538765,39.00180666800001
11,2028-03,4404.462769740353,295896.180943,4.404462769740353,295.896180943
11,2028-04,2715.996282850894,278.484415,2.7159962828508943,0.278484415
11,2028-05,1387.70239585,77930.91405000002,1.3877023958499999,77.93091405000003
11,2028-06,7267.848452288265,1272094.4017210002,7.267848452288265,1272.0944017210002
11,2028-07,5212.609998386389,317413.27438700007,5.212609998386389,317.41327438700006
12,2024-01,1520.8580332370236,20283.88063058824,1.5208580332370236,20.28388063058824
12,2024-02,7380.135794587788,11272.269115058825,7.380135794587788,11.272269115058826
12,2024-03,1348.7893037834822,118134.23510000002,1.3487893037834822,118.13423510000003
12,2024-04,6555.136279138489,10163.5651628,6.555136279138489,10.1635651628
12,2024-05,6940.436752979001,32123.4136272,6.940436752979001,32.1234136272
12,2024-06,2432.6484476628,195048.17164329413,2.4326484476628,195.04817164329413
12,2024-07,3599.4749738598002,81791.27851999999,3.5994749738598,81.79127851999999
12,2024-08,3687.7272471265587,139275.26725280003,3.6877272471265585,139.27526725280003
12,2024-09,4173.38609976807,23828.701680000006,4.17338609976807,23.828701680000005
12,2024-10,3668.6116148400006,47133.14183760001,3.6686116148400005,47.13314183760001
12,2024-11,8837.39342632363,25612.1222,8.83739342632363,25.6121222
12,2024-12,1039.249285076,7768.39252,1.039249285076,7.76839252
12,2025-01,4627.0459437643,1723.4178640000002,4.6270459437643,1.7234178640000002
12,2025-02,4951.285183893212,231801.55764705883,4.951285183893212,231.80155764705881
12,2025-03,5463.816149326176,177793.61895482356,5.463816149326176,177.79361895482356
12,2025-04,364.37450196800006,75.19876000000001,0.3643745019680001,0.07519876
12,2025-05,4323.976880089412,189.29960000000003,4.323976880089412,0.18929960000000004
12,2025-06,461.86128231145887,25.212320000000002,0.46186128231145884,0.025212320000000003
12,2025-07,2082.4308367935,518608.54561880004,2.0824308367935,518.6085456188
12,2025-08,6287.679268821047,243389.10480360003,6.287679268821047,243.38910480360002
12,2025-09,2769.6838904642354,29.60244,2.7696838904642354,0.02960244
12,2025-10,4385.3105741886,113433.36413294118,4.3853105741886,113.43336413294118
12,2025-11,12363.962223709817,8249.334212,12.363962223709818,8.249334211999999
12,2025-12,2776.618267957765,69785.24,2.776618267957765,69.78524
12,2026-01,3353.348597554706,49722.80204837648,3.353348597554706,49.72280204837648
12,2026-02,8119.677482852013,41904.12017120001,8.119677482852014,41.90412017120001
12,2026-03,6338.25589536083,75493.6677936,6.33825589536083,75.49366779360001
12,2026-04,4532.100528139554,108489.77215538824,4.532100528139554,108.48977215538824
12,2026-05,2637.594278687753,140.36904,2.6375942786877533,0.14036904
12,2026-06,8098.112746401401,9133.904327058823,8.098112746401402,9.133904327058822
12,2026-07,5647.9658371616415,15523.934434400002,5.6479658371616415,15.523934434400003
12,2026-08,21620.699839011002,172838.77718520004,21.620699839011003,172.83877718520006
12,2026-09,3388.3564881456,298068.7165736,3.3883564881456,298.0687165736
12,2026-10,776.538182287,136063.06823529414,0.776538182287,136.06306823529414
12,2026-11,3928.07350577,73873.43718160002,3.92807350577,73.87343718160002
12,2026-12,18435.587818964188,107275.36388240001,18.435587818964187,107.27536388240001
12,2027-01,11879.846660776519,52502.7657448,11.879846660776519,52.5027657448
12,2027-02,5866.416282109065,31323.695090800004,5.866416282109065,31.323695090800005
12,2027-03,6657.557474054565,49217.2627856,6.657557474054565,49.217262785600006
12,2027-04,2177.8224692144117,4383.506202352942,2.1778224692144117,4.383506202352942
12,2027-05,5820.526259590988,147342.2121350118,5.820526259590988,147.3422121350118
12,2027-06,8116.706573032671,534845.1490872,8.11670657303267,534.8451490872001
12,2027-07,16049.5025608638,296192.52700520004,16.0495025608638,296.1925270052
12,2027-08,2244.102369234435,43910.25559200001,2.2441023692344353,43.910255592000006
12,2027-09,4236.0141752074,96299.78822668236,4.2360141752074,96.29978822668235
12,2027-10,9170.694224644412,92488.5529647059,9.170694224644413,92.4885529647059
12,2027-11,1523.3978145766,977.1682480000002,1.5233978145766,0.9771682480000001
12,2027-12,4857.165730782654,179748.90260320003,4.857165730782653,179.74890260320004
12,2028-01,3029.1797732066,57059.122615600005,3.0291797732066,57.0591226156
12,2028-02,4101.316170538283,151412.24000000002,4.101316170538283,151.41224000000003
12,2028-03,4285.4249570537,12709.104128,4.2854249570537,12.709104128000002
12,2028-04,3617.431758960306,748.507872,3.617431758960306,0.748507872
12,2028-05,19.23865481,61300.80196240001,0.01923865481,61.30080196240001
12,2028-06,4102.582430508235,333316.24463760003,4.102582430508235,333.31624463760005
12,2028-07,4617.744388144211,74052.58218960001,4.617744388144211,74.05258218960002
13,2024-01,2231.0830642412,31187.2644,2.2310830642412003,31.1872644
13,2024-02,959.6177434649999,174877.14372352944,0.9596177434649998,174.87714372352946
13,2024-03,3675.8320470506237,66796.02674999999,3.6758320470506236,66.79602675
13,2024-04,3224.4737654369765,105686.10397058824,3.2244737654369766,105.68610397058825
13,2024-05,2481.391442740706,286021.0774755,2.481391442740706,286.0210774755
13,2024-06,9486.45984121311,197027.3062665,9.486459841213112,197.0273062665
13,2024-07,6241.444907486901,105780.45322350002,6.241444907486901,105.78045322350002
13,2024-08,8129.331076556071,118275.038541,8.12933107655607,118.275038541
13,2024-09,2799.7625424481766,233.56395,2.7997625424481765,0.23356395
13,2024-10,6619.548754101201,250845.7893345,6.619548754101201,250.8457893345
13,2024-11,6510.4575848606,1190311.70616,6.5104575848606,1190.31170616
13,2024-12,8418.136916248772,33733.62510882353,8.418136916248772,33.73362510882353
13,2025-01,2965.6247791788,10.848600000000001,2.9656247791788,0.010848600000000002
13,2025-02,11149.308858618742,90437.13812647059,11.149308858618742,90.43713812647059
13,2025-03,9525.4978818325,70508.46869549999,9.5254978818325,70.5084686955
13,2025-04,5219.483217720164,51680.103529500004,5.219483217720164,51.6801035295
13,2025-05,5210.099268065001,468560.3007195,5.210099268065001,468.5603007195
13,2025-06,890.1424609480001,41905.38789,0.8901424609480001,41.90538789
13,2025-07,5385.2093200624,104979.8790675,5.3852093200624,104.97987906750001
13,2025-08,1686.4636719407001,88488.24907235295,1.6864636719407,88.48824907235294
13,2025-09,7450.539805816801,74765.902806,7.450539805816801,74.765902806
13,2025-10,11404.040359252213,57720.46095,11.404040359252212,57.72046095
13,2025-11,3688.2908813249996,1876.7451600000002,3.6882908813249995,1.8767451600000002
13,2025-12,11831.649867842341,129.3615,11.83164986784234,0.12936150000000002
13,2026-01,5321.020071108671,92559.764592,5.321020071108671,92.55976459200001
13,2026-02,1184.135880218765,222391.9827045,1.184135880218765,222.3919827045
13,2026-03,1453.9036079619882,167030.6985225,1.4539036079619883,167.0306985225
13,2026-04,3955.6175605838357,76301.08456764706,3.9556175605838355,76.30108456764707
13,2026-05,19096.526416403016,73624.1069694706,19.096526416403016,73.62410696947059
13,2026-06,2444.631991314871,1054357.256763,2.444631991314871,1054.3572567630001
13,2026-07,3168.7769174978002,533656.671815647,3.1687769174978,533.6566718156471
13,2026-08,4682.846077436636,301.3011,4.682846077436635,0.30130110000000004
13,2026-09,2578.6113321775765,89316.205992,2.5786113321775765,89.31620599200001
13,2026-10,5730.3905060384,9923.113584,5.7303905060384,9.923113584000001
13,2026-11,7841.769386089183,279720.59588100004,7.841769386089183,279.72059588100007
13,2026-12,6151.0206581908005,95461.63324200001,6.1510206581908005,95.461633242
13,2027-01,3301.838335543012,908275.933116,3.301838335543012,908.275933116
13,2027-02,7755.9146386718,121103.76228405882,7.7559146386718005,121.10376228405882
13,2027-03,4921.083062045995,82536.80772441177,4.921083062045994,82.53680772441177
13,2027-04,4882.415734901307,157937.09035155884,4.882415734901307,157.93709035155885
13,2027-05,7953.331416688512,224319.7595925,7.953331416688512,224.3197595925
13,2027-06,13917.96401740352,0.0,13.91796401740352,0.0
13,2027-07,2667.1272131781,67903.204158,2.6671272131781003,67.903204158
13,2027-08,6880.079032426824,5742.67572,6.880079032426823,5.74267572
13,2027-09,2700.558309407529,54878.089644,2.700558309407529,54.878089644
13,2027-10,13626.146699195018,53872.707636,13.626146699195019,53.872707636
13,2027-11,13816.3972412039,201212.03655026475,13.8163972412039,201.21203655026474
13,2027-12,7776.730934839412,82111.85325,7.776730934839412,82.11185325
13,2028-01,8946.015051378741,203015.04931429413,8.94601505137874,203.01504931429412
13,2028-02,3411.180987189177,144349.47409499998,3.411180987189177,144.34947409499998
13,2028-03,3170.2205114595,951177.9771402354,3.1702205114595,951.1779771402354
13,2028-04,3798.771697678565,81958.84278088235,3.798771697678565,81.95884278088235
13,2028-05,2318.3247730514354,22894.111485,2.3183247730514354,22.894111485
13,2028-06,3008.0967353475003,46136.60105294117,3.0080967353475003,46.136601052941174
13,2028-07,15501.941411858872,62471.187450000005,15.501941411858873,62.47118745
14,2024-01,2973.4787535125,258353.3583070588,2.9734787535125,258.3533583070588
14,2024-02,2942.4591700080177,27.858180000000004,2.942459170008018,0.027858180000000003
14,2024-03,2882.227993638,600324.2193984,2.882227993638,600.3242193984
14,2024-04,6199.306362979901,127607.56018920001,6.1993063629799,127.60756018920002
14,2024-05,3258.6284409895,28842.816786,3.2586284409895003,28.842816786
14,2024-06,3001.9518920672003,350859.7524928588,3.0019518920672,350.8597524928588
14,2024-07,3638.408568718059,187322.93835458823,3.638408568718059,187.32293835458822
14,2024-08,5134.901086217953,209429.11490760001,5.134901086217953,209.42911490760002
14,2024-09,8566.6467328279,63051.54177419999,8.5666467328279,63.05154177419999
14,2024-10,9891.99447300486,145683.2763456,9.891994473004859,145.6832763456
14,2024-11,3612.046003963259,278696.9768016,3.612046003963259,278.69697680160004
14,2024-12,673.0094824556,88446.56688,0.6730094824556001,88.44656687999999
14,2025-01,12718.494609717602,405804.98169539997,12.718494609717602,405.8049816954
14,2025-02,996.2714209472941,40690.789020000004,0.9962714209472942,40.690789020000004
14,2025-03,4888.404215021376,162263.8996108941,4.888404215021376,162.2638996108941
14,2025-04,3238.744264072206,15119.540099999998,3.238744264072206,15.119540099999998
14,2025-05,12964.989398361919,2092.0140779999997,12.964989398361919,2.0920140779999996
14,2025-06,4125.3061211331,62.9244,4.125306121133099,0.0629244
14,2025-07,707.8656034402412,206314.25636640002,0.7078656034402412,206.31425636640003
14,2025-08,3874.944091391353,1479.266208,3.8749440913913533,1.479266208
14,2025-09,876.179892365,19153.293599999997,0.876179892365,19.153293599999998
14,2025-10,2314.9827530403,13896.439620000001,2.3149827530403,13.89643962
14,2025-11,4685.1177270515,166770.12709708235,4.6851177270515,166.77012709708237
14,2025-12,5327.729564202235,165901.90574728235,5.327729564202236,165.90190574728234
14,2026-01,5677.011223137,213580.635366,5.677011223137001,213.580635366
14,2026-02,4239.396075253,82335.5951586,4.239396075253,82.3355951586
14,2026-03,12818.4672411222,129698.9469762,12.8184672411222,129.6989469762
14,2026-04,4897.1089737873535,123268.79080319998,4.897108973787353,123.26879080319998
14,2026-05,4091.8546477789305,213551.8500192,4.091854647778931,213.5518500192
14,2026-06,8055.22979986376,82672.65743322353,8.05522979986376,82.67265743322353
14,2026-07,10961.190604840487,15686.14992,10.961190604840487,15.68614992
14,2026-08,9746.52548799156,236407.23733348234,9.746525487991558,236.40723733348233
14,2026-09,4695.849670529271,399325.8451060941,4.695849670529271,399.3258451060941
14,2026-10,6309.4402365481465,6683373.227907599,6.309440236548147,6683.373227907599
14,2026-11,4597.443050846565,339924.56475600007,4.5974430508465645,339.92456475600005
14,2026-12,6043.219388323248,54799.5393792,6.043219388323248,54.799539379200006
14,2027-01,1637.871841821859,1808084.6477442002,1.6378718418218592,1808.0846477442
14,2027-02,25203.953453352904,132596.1403699059,25.203953453352906,132.5961403699059
14,2027-03,8687.971082732518,88152.2383728,8.687971082732519,88.1522383728
14,2027-04,3649.3524817800353,8132.23572,3.6493524817800354,8.132235719999999
14,2027-05,3585.8512543414,48149.3939976,3.5858512543414,48.149393997599994
14,2027-06,5069.861015830754,395328.6411522,5.069861015830754,395.3286411522
14,2027-07,4431.8972937464005,1055498.3266842,4.431897293746401,1055.4983266842
14,2027-08,9965.101620274407,6025.460296799999,9.965101620274407,6.025460296799999
14,2027-09,2765.947744354,8207.61816,2.765947744354,8.207618159999999
14,2027-10,5997.438461670483,103938.8810796,5.997438461670483,103.93888107960001
14,2027-11,4303.576824569401,119.5089,4.303576824569401,0.1195089
14,2027-12,2355.4881249782,131718.76552800002,2.3554881249782,131.718765528
14,2028-01,702.3190252592941,25359.573959999998,0.7023190252592941,25.35957396
14,2028-02,3190.3154614047003,31500.1758876,3.1903154614047002,31.500175887599998
14,2028-03,10008.886778875389,38968.3056,10.00888677887539,38.9683056
14,2028-04,3826.286050030212,241876.1215752,3.826286050030212,241.8761215752
14,2028-05,8508.049205135718,302.75028,8.508049205135718,0.30275028
14,2028-06,14371.878631179436,405469.71761742356,14.371878631179436,405.46971761742356
14,2028-07,1628.2339075996001,38640.3433193647,1.6282339075996002,38.6403433193647
15,2024-01,6574.465952279424,84938.52308411765,6.574465952279423,84.93852308411765
15,2024-02,7502.772282679777,100810.65230999999,7.502772282679778,100.81065231
15,2024-03,2639.373854816,180794.00211,2.6393738548159997,180.79400211
15,2024-04,7202.34987757473,171457.30749,7.20234987757473,171.45730749
15,2024-05,6074.7649449082355,241.7855,6.074764944908235,0.24178550000000001
15,2024-06,5752.290647631624,283135.1926752941,5.752290647631624,283.13519267529415
15,2024-07,20915.165697527154,370329.851385,20.915165697527154,370.329851385
15,2024-08,3035.1275480126474,291254.4031,3.0351275480126474,291.2544031
15,2024-09,5551.8567327517,8575.307105882353,5.5518567327517,8.575307105882354
15,2024-10,3652.2420516197003,611340.6410564706,3.6522420516197003,611.3406410564705
15,2024-11,5966.823086215901,1093882.903275,5.966823086215901,1093.882903275
15,2024-12,3369.6650410826824,40230.398960000006,3.3696650410826825,40.23039896000001
15,2025-01,4389.266251761676,883445.735365,4.3892662517616765,883.445735365
15,2025-02,9601.280654261618,136309.08615,9.601280654261618,136.30908614999998
15,2025-03,2457.636464410147,647121.2141782353,2.4576364644101467,647.1212141782353
15,2025-04,19486.522951856732,81335.86108,19.48652295185673,81.33586108
15,2025-05,8498.656093534,143219.40904,8.498656093534,143.21940904
15,2025-06,4956.8649260735,1102558.804705,4.9568649260735,1102.558804705
15,2025-07,4274.237354633,58274.2275,4.274237354633,58.2742275
15,2025-08,5698.081342180212,507931.087965,5.698081342180212,507.931087965
15,2025-09,2391.426163026912,14662.1173,2.391426163026912,14.6621173
15,2025-10,6170.77448767143,104248.834,6.170774487671429,104.248834
15,2025-11,1166.0377637299941,10628.82345,1.1660377637299941,10.62882345
15,2025-12,11145.739875241803,113948.974,11.145739875241803,113.948974
15,2026-01,11393.154961165154,32869.85536970588,11.393154961165154,32.86985536970588
15,2026-02,5532.966536087636,190.7945,5.532966536087636,0.1907945
15,2026-03,12919.16027637627,269451.504755,12.91916027637627,269.451504755
15,2026-04,2088.9966110998826,21983.05177,2.0889966110998825,21.98305177
15,2026-05,2447.0441907766,33754.49092,2.4470441907766,33.754490919999995
15,2026-06,4833.097144692318,2312.689588235294,4.833097144692318,2.312689588235294
15,2026-07,1467.4419629485,1401129.90134,1.4674419629485,1401.12990134
15,2026-08,13922.42864366866,2413.3401499999995,13.92242864366866,2.4133401499999994
15,2026-09,1933.7021954267002,5327.4294,1.9337021954267002,5.3274294
15,2026-10,4951.8699432204,128671.93242,4.9518699432204,128.67193242
15,2026-11,22066.356910233728,254357.83094235297,22.06635691023373,254.35783094235296
15,2026-12,7917.096398116077,448626.3764411765,7.917096398116077,448.6263764411765
15,2027-01,3846.710966914512,39939.189258235296,3.846710966914512,39.939189258235295
15,2027-02,2334.4550352406004,96208.47984999999,2.3344550352406004,96.20847984999999
15,2027-03,2530.9229550956,101788.694675,2.5309229550956003,101.788694675
15,2027-04,3535.2576233916,821445.628285,3.5352576233916,821.445628285
15,2027-05,3688.6938457893534,31927.573770000003,3.6886938457893534,31.927573770000002
15,2027-06,6248.693595369029,13453.74035,6.248693595369029,13.45374035
15,2027-07,2289.5165449129413,54326.132185,2.2895165449129413,54.326132185
15,2027-08,10505.902095045401,11174.146,10.505902095045402,11.174146
15,2027-09,5612.977486452235,33119.0,5.612977486452235,33.119
15,2027-10,293.19871167,83792.86835294118,0.29319871167,83.79286835294118
15,2027-11,5830.025053916165,153.17895000000001,5.830025053916165,0.15317895
15,2027-12,2454.9103269114003,544.54215,2.4549103269114,0.54454215
15,2028-01,2311.704781513571,404794.60238000005,2.311704781513571,404.7946023800001
15,2028-02,2954.7884149405,102105.49236999999,2.9547884149405,102.10549237
15,2028-03,11193.449288968295,514435.728255,11.193449288968296,514.4357282550001
15,2028-04,1330.9856892960001,62641.123250000004,1.3309856892960001,62.64112325000001
15,2028-05,1797.4591021256942,254249.31521,1.7974591021256943,254.24931521
15,2028-06,5167.5009281516,8172.091752941176,5.1675009281516004,8.172091752941176
15,2028-07,2084.8079510838825,24847.622,2.0848079510838824,24.847621999999998
16,2024-01,6392.563014696619,570.9195800000001,6.392563014696619,0.5709195800000001
16,2024-02,6658.4537204173,140590.02758080003,6.658453720417301,140.59002758080004
16,2024-03,3069.4883187908235,54043.188894800005,3.0694883187908237,54.043188894800004
16,2024-04,14176.919556468167,21110.05697096471,14.176919556468167,21.11005697096471
16,2024-05,3777.4437936980003,34500.97737124706,3.777443793698,34.50097737124706
16,2024-06,5594.71332362043,130089.20587320003,5.59471332362043,130.08920587320003
16,2024-07,18222.7670106561,69270.77455200002,18.222767010656103,69.27077455200002
16,2024-08,3912.9122833939823,27937.610136470594,3.9129122833939824,27.937610136470592
16,2024-09,2215.264072008494,9894.677195200002,2.215264072008494,9.894677195200002
16,2024-10,10496.406490242001,19134.658009600003,10.496406490242002,19.134658009600003
16,2024-11,14400.35385880279,31268.670672400007,14.40035385880279,31.268670672400006
16,2024-12,7031.426606873324,189.91560000000004,7.031426606873324,0.18991560000000005
16,2025-01,4086.1441372862823,64542.272012400004,4.086144137286282,64.5422720124
16,2025-02,4647.112236599182,75520.20117040002,4.647112236599182,75.52020117040001
16,2025-03,2027.6451175778236,76947.14454560001,2.0276451175778236,76.94714454560001
16,2025-04,5337.0775989666,122568.14220000002,5.3370775989666,122.56814220000001
16,2025-05,1361.897885932,8196.44,1.3618978859320001,8.19644
16,2025-06,2292.4613787547823,144075.22048705883,2.2924613787547825,144.07522048705883
16,2025-07,11040.003171207147,24646.114404800006,11.040003171207147,24.646114404800006
16,2025-08,5595.835174053048,63490.01090040001,5.595835174053048,63.49001090040001
16,2025-09,2784.065061277659,37507.94046324706,2.784065061277659,37.50794046324706
16,2025-10,7878.136570528765,164507.77595065886,7.878136570528765,164.50777595065887
16,2025-11,2298.8006783371,292792.19875392946,2.2988006783371002,292.7921987539295
16,2025-12,8243.227233395219,165921.06827849412,8.243227233395219,165.92106827849412
16,2026-01,1845.8985498168,5644.525684,1.8458985498168,5.644525684
16,2026-02,1109.4152269985293,79.01544000000001,1.1094152269985293,0.07901544
16,2026-03,7362.917105513848,27981.343238305883,7.362917105513848,27.981343238305882
16,2026-04,3265.362338781294,168719.02210240005,3.2653623387812942,168.71902210240006
16,2026-05,8422.0518500626,118856.5293272,8.4220518500626,118.8565293272
16,2026-06,6614.6246842764,393.01556,6.6146246842764,0.39301556
16,2026-07,3765.39224454,587.463576,3.7653922445399997,0.587463576
16,2026-08,2526.0879638635765,4091.904550588236,2.5260879638635765,4.091904550588236
16,2026-09,2752.7235205464704,45069.36000000001,2.7527235205464704,45.06936000000001
16,2026-10,7926.908705050071,386513.6386438354,7.926908705050071,386.5136386438354
16,2026-11,11507.810375509403,76103.11184000001,11.507810375509404,76.10311184000001
16,2026-12,5679.061800986782,31766.039760000003,5.679061800986782,31.76603976
16,2027-01,11960.488025351331,134542.93912705884,11.960488025351331,134.54293912705884
16,2027-02,6731.797358151613,23486.492400000003,6.731797358151613,23.486492400000003
16,2027-03,2993.819376260001,244211.18073240007,2.9938193762600007,244.21118073240007
16,2027-04,6809.098513949377,87578.477826,6.809098513949377,87.578477826
16,2027-05,9035.400929529598,78440.0219624,9.035400929529597,78.4400219624
16,2027-06,8728.333573654789,2077904.2745472942,8.728333573654789,2077.9042745472943
16,2027-07,223.80418754279998,78802.61564000002,0.2238041875428,78.80261564000001
16,2027-08,3039.0965111802943,378857.62850880006,3.0390965111802943,378.8576285088001
16,2027-09,2517.893984932965,216189.94694442354,2.517893984932965,216.18994694442355
16,2027-10,3361.4481139059767,58683.4718008,3.361448113905977,58.6834718008
16,2027-11,5876.809296876901,157937.154102,5.876809296876901,157.937154102
16,2027-12,2285.833868768824,466361.6914572001,2.2858338687688238,466.3616914572001
16,2028-01,3283.4205262332002,64156.63808680001,3.2834205262332,64.15663808680002
16,2028-02,16917.3088507034,1423010.9274976004,16.9173088507034,1423.0109274976005
16,2028-03,8775.1980458625,52933.72410479999,8.775198045862501,52.93372410479999
16,2028-04,20894.1509524865,32473.620564000004,20.8941509524865,32.473620564
16,2028-05,4499.997588337118,36244.010695200006,4.499997588337118,36.244010695200004
16,2028-06,11969.230804512903,78381.58875185883,11.969230804512902,78.38158875185883
16,2028-07,1100.5608645675,10571.448440000002,1.1005608645675,10.571448440000001
17,2024-01,1800.6077201495882,67890.2411,1.8006077201495883,67.8902411
17,2024-02,6830.357302521647,2422.2067294117655,6.830357302521647,2.4222067294117657
17,2024-03,5013.663004992801,252669.9723227059,5.013663004992801,252.6699723227059
17,2024-04,6050.7587489002,86.10690000000001,6.0507587489002,0.08610690000000001
17,2024-05,10075.372609936201,27059.77615,10.0753726099362,27.05977615
17,2024-06,4067.1600211976825,35545.717405,4.067160021197682,35.545717405000005
17,2024-07,6357.638088169495,4170.58158,6.357638088169495,4.17058158
17,2024-08,698.8868375740001,26500.7974,0.698886837574,26.5007974
17,2024-09,4254.649059687459,250144.74511950006,4.254649059687459,250.14474511950007
17,2024-10,9025.262180327658,20620.166985000003,9.025262180327658,20.620166985000004
17,2024-11,4172.226519117529,77.1122,4.17222651911753,0.0771122
17,2024-12,4714.3578483606825,4818.60445,4.714357848360683,4.81860445
17,2025-01,1359.4116258710824,310647.37537350005,1.3594116258710824,310.64737537350004
17,2025-02,4074.4553944518475,902785.1003985001,4.074455394451848,902.7851003985
17,2025-03,710.98839161,1065717.0126295001,0.71098839161,1065.7170126295002
17,2025-04,7142.162359760295,41750.131588000004,7.142162359760294,41.750131588
17,2025-05,8499.5533765385,30308.83075,8.4995533765385,30.308830750000002
17,2025-06,4845.6462293882,45597.069294117646,4.845646229388199,45.597069294117645
17,2025-07,2593.8013913270825,177168.59293100002,2.5938013913270823,177.16859293100003
17,2025-08,3378.2002936495887,238810.014652,3.3782002936495887,238.810014652
17,2025-09,5977.348131188835,386715.47578400007,5.977348131188835,386.7154757840001
17,2025-10,6754.8901249817,25397.849950000003,6.7548901249817,25.397849950000005
17,2025-11,1204.0418128332235,193230.88466550005,1.2040418128332235,193.23088466550004
17,2025-12,5589.894613802012,488934.902092353,5.589894613802012,488.93490209235296
17,2026-01,4897.789987755794,180462.46378050002,4.897789987755794,180.46246378050003
17,2026-02,4080.079029505282,8.8671,4.080079029505282,0.008867100000000001
17,2026-03,3311.615562162353,132063.7195735,3.311615562162353,132.0637195735
17,2026-04,2566.3254124584,541520.0906791177,2.5663254124584,541.5200906791177
17,2026-05,473.0995135748,53.82685000000001,0.4730995135748,0.05382685000000001
17,2026-06,3943.876710427977,68793.523865,3.943876710427977,68.793523865
17,2026-07,6207.3624175368,94852.958871,6.2073624175368005,94.852958871
17,2026-08,7778.759895824859,403178.5528925,7.778759895824859,403.1785528925
17,2026-09,3873.7923694890706,160033.21723108826,3.8737923694890704,160.03321723108826
17,2026-10,1927.5486752972001,66045.18122950001,1.9275486752972002,66.04518122950002
17,2026-11,2284.839274131988,200878.15000000002,2.284839274131988,200.87815000000003
17,2026-12,4920.0883154034,258147.05291650002,4.9200883154034,258.1470529165
17,2027-01,3898.7916859949996,80754.79665000002,3.8987916859949996,80.75479665000002
17,2027-02,4563.5347477566,249421.0885375,4.5635347477566,249.4210885375
17,2027-03,10583.5803636258,322289.49992800003,10.583580363625801,322.28949992800005
17,2027-04,798.0022586412471,181438.02983350004,0.7980022586412471,181.43802983350005
17,2027-05,6221.65994912927,67147.97045,6.22165994912927,67.14797044999999
17,2027-06,6464.3726600416,6900.889050000001,6.4643726600416,6.900889050000001
17,2027-07,5260.363527334989,260006.69244,5.260363527334989,260.00669244
17,2027-08,7505.73484718686,56244.448843000006,7.50573484718686,56.24444884300001
17,2027-09,9104.890752352,362948.8019355001,9.104890752351999,362.9488019355001
17,2027-10,4531.4810954342,159102.45326250003,4.5314810954342,159.10245326250003
17,2027-11,9217.275311262023,52126.941621764716,9.217275311262023,52.126941621764715
17,2027-12,12114.798527198702,645.7335500000002,12.114798527198701,0.6457335500000001
17,2028-01,4906.297198531683,71654.15136,4.906297198531683,71.65415136
17,2028-02,2382.9216862553235,501603.3707875883,2.3829216862553233,501.6033707875883
17,2028-03,2840.1347305830773,776314.677215,2.840134730583077,776.3146772150001
17,2028-04,2613.2547617580003,300098.88590000005,2.613254761758,300.0988859
17,2028-05,4916.242989369776,590343.1144545,4.916242989369776,590.3431144545
17,2028-06,1938.8965530808002,52377.38238117648,1.9388965530808002,52.37738238117648
17,2028-07,6081.952716414706,80140.29320000001,6.081952716414706,80.14029320000002
18,2024-01,963.8677209825295,46091.03530080001,0.9638677209825295,46.09103530080001
18,2024-02,8964.668553356047,58718.462300399995,8.964668553356047,58.71846230039999
18,2024-03,6921.509453546353,350608.81416539993,6.921509453546353,350.6088141653999
18,2024-04,3075.230007710147,154231.62701519998,3.075230007710147,154.2316270152
18,2024-05,9651.7230316062,1006732.3757190001,9.651723031606199,1006.7323757190002
18,2024-06,7037.801084951029,122474.76491188236,7.037801084951029,122.47476491188236
18,2024-07,2310.126746289259,21681.086964599996,2.3101267462892587,21.681086964599995
18,2024-08,2550.5865759558824,62644.24068,2.5505865759558826,62.64424068
18,2024-09,3682.3359096022004,164203.762338,3.6823359096022004,164.203762338
18,2024-10,4279.46006434473,230870.07908999998,4.27946006434473,230.87007909
18,2024-11,3087.4048629188005,255899.9458092,3.0874048629188007,255.8999458092
18,2024-12,3192.2703320990295,48387.4868316,3.1922703320990293,48.3874868316
18,2025-01,1596.3653974789884,343260.439347,1.5963653974789884,343.260439347
18,2025-02,1137.0136882665001,49004.66865,1.1370136882665,49.00466865
18,2025-03,4495.857624421376,687668.2196159998,4.495857624421377,687.6682196159999
18,2025-04,17527.62156669545,34.6542,17.527621566695448,0.0346542
18,2025-05,1985.8150813366003,102187.84155299999,1.9858150813366002,102.18784155299998
18,2025-06,611.359128331,102932.154486,0.6113591283309999,102.932154486
18,2025-07,1327.9778446716,134057.4998322,1.3279778446716,134.0574998322
18,2025-08,2051.7872599882353,17629.900696800003,2.0517872599882354,17.629900696800004
18,2025-09,17979.716025487498,80314.67877077647,17.979716025487498,80.31467877077647
18,2025-10,3482.2398521343002,191114.87195689412,3.4822398521343003,191.11487195689412
18,2025-11,3590.8837272362707,10458.2639532,3.5908837272362706,10.4582639532
18,2025-12,5404.939141126519,116144.4192468,5.404939141126519,116.1444192468
18,2026-01,6540.505742025901,135645.92255339999,6.540505742025901,135.6459225534
18,2026-02,2709.9328093008003,399765.493449,2.7099328093008004,399.765493449
18,2026-03,10614.498339916401,150469.264827,10.614498339916402,150.46926482700002
18,2026-04,1259.4361093355178,283829.7003948,1.2594361093355178,283.8297003948
18,2026-05,4918.604622814453,0.0,4.9186046228144535,0.0
18,2026-06,1481.0639774003826,127.20288,1.4810639774003826,0.12720288
18,2026-07,12234.115913202313,1960.197036,12.234115913202313,1.960197036
18,2026-08,2284.8250387333,370284.1055676,2.2848250387333002,370.2841055676
18,2026-09,10230.545999571177,110883.31780260002,10.230545999571177,110.88331780260002
18,2026-10,12454.502640751507,1108432.974495,12.454502640751507,1108.432974495
18,2026-11,4638.673879047224,529087.7766930001,4.638673879047223,529.0877766930001
18,2026-12,2997.8150066885883,379948.9779253411,2.9978150066885885,379.9489779253411
18,2027-01,9095.75103296047,114371.88754863529,9.09575103296047,114.37188754863529
18,2027-02,8862.889461333301,168563.3181792,8.862889461333301,168.5633181792
18,2027-03,3507.34518659643,261193.107252,3.50734518659643,261.193107252
18,2027-04,2895.0122916065766,2418841.0779708,2.8950122916065766,2418.8410779708
18,2027-05,16967.533530539768,352545.0874932,16.967533530539768,352.54508749319996
18,2027-06,3295.889656620147,59830.778985599994,3.295889656620147,59.83077898559999
18,2027-07,5407.289156399706,205.21787999999998,5.407289156399706,0.20521788
18,2027-08,4087.2417596846117,118058.10560435294,4.087241759684612,118.05810560435295
18,2027-09,3544.7067020646004,154791.96283048234,3.5447067020646004,154.79196283048233
18,2027-10,3975.2089708822355,10984.25958,3.9752089708822353,10.98425958
18,2027-11,7131.8348601694,138730.7188235294,7.131834860169399,138.7307188235294
18,2027-12,3001.8221222502,259.6629,3.0018221222502004,0.2596629
18,2028-01,1842.4972503226118,2802.07305,1.8424972503226118,2.80207305
18,2028-02,4444.7610231948465,258815.2957026,4.444761023194847,258.8152957026
18,2028-03,5495.459312682648,123487.03577230588,5.495459312682647,123.48703577230589
18,2028-04,1637.1127149538647,22745.628335294117,1.6371127149538647,22.745628335294118
18,2028-05,2809.8419174021296,150316.19483579998,2.80984191740213,150.3161948358
18,2028-06,5482.858566171801,247436.01670595293,5.4828585661718,247.43601670595294
18,2028-07,6629.898164810659,47276.2787532,6.629898164810659,47.2762787532
19,2024-01,6058.479134183847,126050.63767000001,6.058479134183847,126.05063767000001
19,2024-02,6918.443828408135,158626.37326000002,6.918443828408135,158.62637326
19,2024-03,6482.65519960053,52909.404,6.48265519960053,52.909404
19,2024-04,7124.678727565965,1077.1427,7.124678727565965,1.0771427
19,2024-05,2175.335319199094,174026.2951764706,2.1753353191990943,174.0262951764706
19,2024-06,1505.8507152011764,565803.3901438236,1.5058507152011764,565.8033901438235
19,2024-07,18685.968801851508,84676.33253,18.68596880185151,84.67633253
19,2024-08,4162.934556456071,126613.74025999999,4.1629345564560705,126.61374025999999
19,2024-09,6460.335820673865,112658.05494117647,6.460335820673865,112.65805494117646
19,2024-10,11931.306120267825,469174.27379676467,11.931306120267825,469.1742737967647
19,2024-11,5485.5386042072005,474871.39467500005,5.485538604207201,474.87139467500003
19,2024-12,3635.1447823542003,79914.65881000001,3.6351447823542005,79.91465881
19,2025-01,12558.57500769,753121.272485,12.558575007690001,753.121272485
19,2025-02,6383.3682128574,6283.3295,6.3833682128574,6.2833295
19,2025-03,3815.237871350041,342926.244445,3.815237871350041,342.926244445
19,2025-04,16488.670493997248,700615.4585350001,16.488670493997247,700.6154585350001
19,2025-05,3811.147747933559,21050.15987,3.811147747933559,21.050159869999998
19,2025-06,5545.032115099095,10036.3962,5.545032115099095,10.036396199999999
19,2025-07,3636.5201565262,92022.77669,3.6365201565262,92.02277669
19,2025-08,3447.0204670753883,673859.894095,3.4470204670753883,673.859894095
19,2025-09,3422.031643475941,192530.31343999997,3.422031643475941,192.53031343999996
19,2025-10,5042.491878019718,460706.54421,5.042491878019717,460.70654421
19,2025-11,3266.1901249712355,150245.36428500002,3.2661901249712355,150.24536428500002
19,2025-12,12773.838218252542,374594.875065,12.773838218252543,374.594875065
19,2026-01,1197.1881937828,270056.7107355882,1.1971881937828,270.05671073558824
19,2026-02,2194.971801838,30623.693919999998,2.194971801838,30.623693919999997
19,2026-03,2201.5010013108235,326286.1228988236,2.2015010013108234,326.2861228988236
19,2026-04,41805.14305935101,159484.62825117647,41.80514305935101,159.48462825117647
19,2026-05,3977.2866752222,148046.1455,3.9772866752222,148.04614550000002
19,2026-06,7364.929984222501,21716.260252941174,7.364929984222501,21.716260252941176
19,2026-07,4587.5328323762,225484.88685088238,4.5875328323761995,225.4848868508824
19,2026-08,4785.555675727706,106910.4778,4.785555675727706,106.9104778
19,2026-09,1047.3504518262,96.758,1.0473504518262,0.096758
19,2026-10,6644.5584980549,46194.45595882353,6.6445584980549,46.194455958823525
19,2026-11,1673.2727285626297,324863.475175,1.6732727285626297,324.863475175
19,2026-12,5394.649249158,117907.37387,5.394649249158,117.90737387
19,2027-01,7777.287436414401,57908.736750000004,7.777287436414401,57.90873675
19,2027-02,3105.649960564765,61006.27143500001,3.105649960564765,61.00627143500001
19,2027-03,1548.3385219801883,133716.49360500003,1.5483385219801882,133.71649360500004
19,2027-04,5682.6720510864,60890.054240000005,5.6826720510864,60.890054240000005
19,2027-05,10485.22351243676,281286.28780000005,10.48522351243676,281.2862878
19,2027-06,8057.013016680395,116399.52080999999,8.057013016680395,116.39952080999998
19,2027-07,6642.626676374071,361889.8293,6.642626676374071,361.8898293
19,2027-08,6404.619148523836,1046937.6327676473,6.404619148523836,1046.9376327676473
19,2027-09,15690.872353195233,105908.7015,15.690872353195234,105.90870149999999
19,2027-10,4876.439924523118,4601.63775,4.876439924523118,4.60163775
19,2027-11,6138.211702571229,104823.7075,6.138211702571229,104.8237075
19,2027-12,9548.610451848517,165743.93254500002,9.548610451848518,165.743932545
19,2028-01,6023.794819361871,25717.4865,6.023794819361871,25.7174865
19,2028-02,4460.8271407162,142873.86024500002,4.4608271407162,142.87386024500003
19,2028-03,6206.925018093365,253.67034999999998,6.206925018093365,0.25367035
19,2028-04,1654.4232673626352,185067.673045,1.6544232673626351,185.067673045
19,2028-05,10897.366656909058,218454.937335,10.897366656909059,218.45493733499998
19,2028-06,9019.488511111118,17814.807241176473,9.019488511111119,17.814807241176474
19,2028-07,3559.6738397962295,571472.59523,3.5596738397962295,571.47259523
20,2024-01,22398.9512408653,261571.37681000002,22.398951240865298,261.57137681
20,2024-02,5981.009613778024,102964.149575,5.981009613778024,102.96414957500001
20,2024-03,21743.88017792793,29756.629365,21.74388017792793,29.756629365000002
20,2024-04,7997.974658513635,54126.356935588236,7.997974658513636,54.126356935588234
20,2024-05,4872.14285990173,161.949,4.87214285990173,0.161949
20,2024-06,10423.154736248684,28417.264,10.423154736248684,28.417264
20,2024-07,5759.5574437999,1555152.1492299999,5.7595574437999,1555.1521492299998
20,2024-08,1192.2175290260002,1134274.62805,1.1922175290260002,1134.27462805
20,2024-09,5831.144482739207,11269.42062,5.831144482739207,11.26942062
20,2024-10,1819.0903154898824,264352.75636,1.8190903154898823,264.35275636
20,2024-11,14361.4621861234,154088.21795000002,14.3614621861234,154.08821795000003
20,2024-12,3725.5942842677296,77193.51226,3.7255942842677294,77.19351226
20,2025-01,1783.6536995932,113629.48634500001,1.7836536995932,113.62948634500002
20,2025-02,5995.565027754765,203043.63921,5.995565027754765,203.04363920999998
20,2025-03,6699.340687823047,129286.00959294118,6.699340687823047,129.28600959294118
20,2025-04,1202.0860588433998,601737.659705,1.2020860588433997,601.7376597049999
20,2025-05,3242.8621678631116,122467.822425,3.2428621678631115,122.46782242500001
20,2025-06,1147.1930036142,89.73599999999999,1.1471930036142,0.089736
20,2025-07,778.2846128241176,373936.72024,0.7782846128241176,373.93672024
20,2025-08,1842.7781664279412,214960.30838,1.8427781664279412,214.96030838000001
20,2025-09,2754.296453837588,61458.924823529414,2.754296453837588,61.458924823529415
20,2025-10,10236.554205411354,525.288,10.236554205411354,0.525288
20,2025-11,6608.895721306518,215982.34444117648,6.608895721306518,215.98234444117648
20,2025-12,2582.0593491268237,589695.5789582352,2.5820593491268236,589.6955789582352
20,2026-01,4715.9068771426,5719.5765,4.7159068771426,5.7195765000000005
20,2026-02,8853.609106969434,79260.00938999999,8.853609106969435,79.26000939
20,2026-03,1754.2637624985764,183767.81822058823,1.7542637624985764,183.76781822058823
20,2026-04,1746.4625690112,194567.59666,1.7464625690112,194.56759666000002
20,2026-05,9749.346170914689,39460.1165,9.749346170914688,39.4601165
20,2026-06,2459.3197507748473,70285.0088,2.4593197507748474,70.2850088
20,2026-07,4647.652621381764,130227.37411,4.647652621381765,130.22737411
20,2026-08,1186.6670791229412,142483.36345,1.1866670791229412,142.48336345
20,2026-09,12174.297766537,62326.661,12.174297766537,62.326661
20,2026-10,3903.1363113339767,278896.09469000006,3.9031363113339768,278.89609469000004
20,2026-11,8797.775817480353,120.223,8.797775817480353,0.120223
20,2026-12,12779.096531215258,132745.15368000002,12.779096531215258,132.74515368000002
20,2027-01,2338.5610930445882,430987.08566000004,2.3385610930445884,430.98708566000005
20,2027-02,6760.578790836401,22889.027,6.760578790836401,22.889027
20,2027-03,4431.412134758677,67863.51545294118,4.431412134758677,67.86351545294119
20,2027-04,15345.6664040796,522031.99554117647,15.3456664040796,522.0319955411765
20,2027-05,3778.7378441854826,287714.24040000007,3.7787378441854824,287.71424040000005
20,2027-06,7569.277295592388,319701.95077500003,7.569277295592388,319.70195077500006
20,2027-07,4147.548207020353,142729.76,4.147548207020353,142.72976
20,2027-08,9768.1095227218,1593085.411925,9.768109522721799,1593.085411925
20,2027-09,2103.0192810984004,741107.4233900001,2.1030192810984003,741.1074233900001
20,2027-10,6573.104125703159,1021396.8913400001,6.57310412570316,1021.3968913400001
20,2027-11,1572.3082820755883,151615.87453470586,1.5723082820755883,151.61587453470585
20,2027-12,1768.1827733465295,284912.7847941177,1.7681827733465296,284.91278479411767
20,2028-01,5051.8023676554,130969.969065,5.051802367655401,130.969969065
20,2028-02,7878.996072567001,264696.0283,7.878996072567,264.6960283
20,2028-03,1740.7066511048,79322.031605,1.7407066511048,79.32203160499999
20,2028-04,13523.434232234384,193200.6385882353,13.523434232234383,193.2006385882353
20,2028-05,4357.585070688719,135072.70742000002,4.357585070688718,135.07270742000003
20,2028-06,3135.5179961130593,199083.35277499998,3.1355179961130593,199.08335277499998
20,2028-07,1664.0759993544002,0.0,1.6640759993544003,0.0
21,2024-01,7733.317081502905,702211.8197219999,7.733317081502905,702.211819722
21,2024-02,2058.1836562012004,147938.52595842353,2.0581836562012006,147.93852595842353
21,2024-03,6350.7051375066,57405.90567254117,6.3507051375066,57.405905672541174
21,2024-04,4880.929652469388,129638.58577740002,4.880929652469388,129.6385857774
21,2024-05,6921.678544125271,156729.8901252,6.921678544125271,156.7298901252
21,2024-06,2443.163756604071,45916.333054200004,2.4431637566040707,45.9163330542
21,2024-07,3220.3026195977004,263438.1877215529,3.2203026195977005,263.43818772155294
21,2024-08,16201.706683623379,455600.2812008118,16.201706683623378,455.60028120081176
21,2024-09,2201.6395205195417,322012.59580139996,2.201639520519542,322.0125958014
21,2024-10,7789.874818805294,14440.527796800001,7.789874818805294,14.440527796800001
21,2024-11,7480.056389931101,1482.2271660000001,7.480056389931101,1.4822271660000002
21,2024-12,3975.230079887753,45016.67427822352,3.975230079887753,45.016674278223526
21,2025-01,7279.62365005373,2.2247399999999997,7.27962365005373,0.00222474
21,2025-02,10099.722396543706,8279.175954,10.099722396543706,8.279175954
21,2025-03,8408.446558439584,62963.627890799995,8.408446558439584,62.9636278908
21,2025-04,4681.918519790001,501893.6638002,4.681918519790001,501.8936638002
21,2025-05,4401.838975571718,28194.168282,4.401838975571718,28.194168282
21,2025-06,7539.470374312306,243454.2245403882,7.539470374312306,243.45422454038822
21,2025-07,9669.7020259002,151519.1284068,9.6697020259002,151.5191284068
21,2025-08,1070.844171337,2008.46982,1.070844171337,2.00846982
21,2025-09,3486.210488869141,1473.733296,3.486210488869141,1.473733296
21,2025-10,3804.7585817697063,142428.871515,3.8047585817697063,142.428871515
21,2025-11,5281.359242490013,125611.2744768,5.281359242490012,125.61127447679999
21,2025-12,1544.704107788,84710.73071999999,1.5447041077880002,84.71073071999999
21,2026-01,25846.1557577656,186168.04669877648,25.846155757765597,186.1680466987765
21,2026-02,2672.7920702549172,33258.912435000006,2.6727920702549173,33.258912435000006
21,2026-03,4555.439609497618,132281.1787836,4.555439609497618,132.28117878359998
21,2026-04,5671.941476642765,522382.9169034,5.671941476642766,522.3829169034
21,2026-05,1734.5640230051297,209437.136706,1.7345640230051296,209.437136706
21,2026-06,2652.5629515576475,528941.902553153,2.6525629515576474,528.941902553153
21,2026-07,7060.556920845006,90070.22007529411,7.060556920845006,90.07022007529412
21,2026-08,12837.183818262436,7774.434920823529,12.837183818262435,7.774434920823529
21,2026-09,2010.240977390753,32609.516939999998,2.010240977390753,32.60951694
21,2026-10,7329.9506378178,41150.19293699999,7.3299506378178005,41.15019293699999
21,2026-11,5476.678473929294,26287.2162,5.476678473929295,26.2872162
21,2026-12,3718.1780503885,148086.30291840003,3.7181780503885,148.08630291840004
21,2027-01,7348.5415975516,381905.9075244,7.3485415975516,381.9059075244
21,2027-02,5996.710372825401,48167.208264,5.996710372825401,48.167208264
21,2027-03,2824.196315606212,6114.8043936,2.824196315606212,6.1148043936
21,2027-04,8341.746065181589,326134.2638022,8.341746065181589,326.1342638022
21,2027-05,1861.9755631210824,64718.64341460001,1.8619755631210824,64.71864341460001
21,2027-06,8331.540804009066,106654.9866648,8.331540804009066,106.6549866648
21,2027-07,2171.741468705106,80.02386,2.1717414687051058,0.08002386
21,2027-08,1896.6267736688,1201.672206,1.8966267736688,1.201672206
21,2027-09,11386.832845217,110515.26906419998,11.386832845217,110.51526906419998
21,2027-10,1820.0613677336823,34683.19809557647,1.8200613677336823,34.683198095576465
21,2027-11,2517.82559748,23357.425559999996,2.51782559748,23.357425559999996
21,2027-12,4365.9575286553,0.0,4.3659575286553,0.0
21,2028-01,3200.3448667778353,339089.8697611764,3.200344866777835,339.08986976117643
21,2028-02,3806.573095323,66233.77666920002,3.806573095323,66.23377666920001
21,2028-03,6437.895223736188,13443.952941176469,6.437895223736188,13.44395294117647
21,2028-04,2844.5706693484944,6858.920300399999,2.8445706693484945,6.8589203003999994
21,2028-05,3695.3243269678,292128.53612039995,3.6953243269678,292.12853612039993
21,2028-06,1373.7666261492002,121489.50080399998,1.3737666261492,121.48950080399999
21,2028-07,4667.8912398066,174559.95302117648,4.6678912398066,174.55995302117648
22,2024-01,3158.0924766976473,220056.66902352942,3.1580924766976475,220.05666902352942
22,2024-02,14244.459182254364,422138.17314252944,14.244459182254364,422.13817314252947
22,2024-03,9504.037270715471,246766.51385650007,9.504037270715472,246.76651385650007
22,2024-04,6599.148076512565,185475.61649650004,6.599148076512566,185.47561649650004
22,2024-05,6312.973040915001,376402.9434990001,6.312973040915001,376.4029434990001
22,2024-06,4295.586042734141,65265.7792435,4.295586042734142,65.2657792435
22,2024-07,5669.694308470406,728096.9399436766,5.669694308470406,728.0969399436766
22,2024-08,4010.3731471270003,75165.336224,4.010373147127,75.165336224
22,2024-09,4735.209906782,16712.76728,4.735209906782,16.71276728
22,2024-10,4496.1387016448,619140.7665558824,4.496138701644799,619.1407665558825
22,2024-11,5361.930724310882,31297.713260000004,5.3619307243108825,31.297713260000005
22,2024-12,2756.2011339855767,86807.82647058823,2.7562011339855768,86.80782647058824
22,2025-01,1566.5412694344002,956301.2099465001,1.5665412694344,956.3012099465002
22,2025-02,2252.843578325,20786.316727000005,2.2528435783250003,20.786316727000006
22,2025-03,8877.8609312468,338464.1598525,8.877860931246799,338.4641598525
22,2025-04,3096.909105082659,5503.254295000001,3.096909105082659,5.5032542950000005
22,2025-05,2930.4677348034006,446481.19156300003,2.9304677348034005,446.48119156300004
22,2025-06,6659.9119313119,494324.17254647065,6.6599119313119,494.32417254647066
22,2025-07,5411.2811848030715,1695.6646300000002,5.411281184803071,1.6956646300000002
22,2025-08,2565.164419417494,1051024.4260670003,2.5651644194174943,1051.0244260670001
22,2025-09,3840.815608066006,88332.152623,3.840815608066006,88.332152623
22,2025-10,2461.1403664550003,85095.5380935,2.4611403664550004,85.0955380935
22,2025-11,6049.114427756094,357317.77625532355,6.049114427756094,357.31777625532357
22,2025-12,4491.7875986346,39376.414517000005,4.4917875986346,39.37641451700001
22,2026-01,3749.2478305139766,187.98560000000003,3.7492478305139767,0.18798560000000003
22,2026-02,7022.544525870201,302062.10479823535,7.0225445258702015,302.06210479823534
22,2026-03,3587.3503558301,511073.747305,3.5873503558301,511.07374730500004
22,2026-04,10803.410356488788,7270.72885,10.803410356488788,7.27072885
22,2026-05,3708.9868584441,630488.3263195001,3.7089868584441,630.4883263195001
22,2026-06,2704.4341422239117,667593.8769500001,2.7044341422239118,667.5938769500001
22,2026-07,10106.742865309307,681023.1207812354,10.106742865309307,681.0231207812354
22,2026-08,1446.7126372286002,1170026.1543135,1.4467126372286,1170.0261543135
22,2026-09,5167.7317712202,247.3295,5.1677317712202,0.2473295
22,2026-10,4842.229909759601,28460.925581000003,4.842229909759601,28.460925581
22,2026-11,7294.407768789,89854.911212,7.294407768789,89.854911212
22,2026-12,2590.980614016312,618.4266,2.5909806140163116,0.6184266
22,2027-01,6546.601218923318,402628.0143522353,6.546601218923318,402.6280143522353
22,2027-02,4884.956542726764,137708.96110270589,4.884956542726765,137.7089611027059
22,2027-03,4768.010422023729,73796.25348311765,4.768010422023729,73.79625348311764
22,2027-04,7747.364777681376,388467.438579,7.747364777681376,388.46743857900003
22,2027-05,4715.711715826318,470313.525352,4.715711715826318,470.313525352
22,2027-06,2723.213712231765,489702.3281205001,2.723213712231765,489.70232812050006
22,2027-07,7604.865322418342,23747.04365,7.604865322418342,23.74704365
22,2027-08,5377.417300369706,149200.291658,5.377417300369706,149.200291658
22,2027-09,5033.858523207336,15325.213431000004,5.033858523207336,15.325213431000003
22,2027-10,4213.053291918688,72294.61140000001,4.213053291918688,72.29461140000001
22,2027-11,3861.0340828640883,207472.87260700003,3.861034082864088,207.47287260700003
22,2027-12,14844.754499220713,149804.84368817648,14.844754499220713,149.80484368817648
22,2028-01,3167.749824721459,61066.333350000015,3.167749824721459,61.066333350000015
22,2028-02,3216.989044708847,125544.61981470589,3.2169890447088467,125.5446198147059
22,2028-03,3401.2122674252646,886539.7793175001,3.4012122674252647,886.5397793175001
22,2028-04,4949.301273217671,581851.867377,4.949301273217671,581.8518673770001
22,2028-05,2853.7251950026002,150081.035225,2.8537251950026,150.081035225
22,2028-06,986.0007304864706,272566.44851700007,0.9860007304864706,272.5664485170001
22,2028-07,2011.6134723092,533139.6193860001,2.0116134723092,533.139619386
23,2024-01,5140.322208504624,644156.2870545001,5.140322208504624,644.1562870545001
23,2024-02,18815.116777996463,251728.93609050006,18.815116777996465,251.72893609050007
23,2024-03,11966.494683269506,173428.8845905,11.966494683269506,173.42888459050002
23,2024-04,6481.584543578406,598059.2161005001,6.481584543578406,598.0592161005001
23,2024-05,1381.2766112555885,835188.7051475003,1.3812766112555885,835.1887051475003
23,2024-06,5337.76807820333,151026.88844100002,5.3377680782033305,151.026888441
23,2024-07,5446.1999755747,682351.9528375001,5.4461999755747,682.3519528375001
23,2024-08,5574.437840865729,721164.5417524707,5.57443784086573,721.1645417524707
23,2024-09,5233.014238703271,34404.735805000004,5.233014238703271,34.404735805
23,2024-10,1974.174036824306,78365.91037,1.9741740368243061,78.36591037
23,2024-11,2336.8562426725002,149912.22939000002,2.3368562426725004,149.91222939000002
23,2024-12,3693.2664288276114,241398.92521250003,3.6932664288276116,241.39892521250005
23,2025-01,2197.2062505422296,179276.9075955,2.1972062505422296,179.2769075955
23,2025-02,4938.986822458401,54649.38323382354,4.938986822458401,54.649383233823535
23,2025-03,5755.884727334318,464850.2698125,5.755884727334318,464.85026981249996
23,2025-04,3187.192416148918,70992.09864352942,3.187192416148918,70.99209864352942
23,2025-05,3582.8917009169177,467311.50313164707,3.582891700916918,467.31150313164704
23,2025-06,3899.7533420815007,273001.71499700006,3.8997533420815005,273.0017149970001
23,2025-07,6795.507355024971,359406.75596423534,6.795507355024971,359.40675596423534
23,2025-08,6374.1584474831,582911.1928500882,6.3741584474831,582.9111928500882
23,2025-09,6771.0182558692,809986.3645005,6.7710182558692,809.9863645005
23,2025-10,7808.8205972441065,164506.04849411765,7.8088205972441065,164.50604849411766
23,2025-11,4305.2210479632,1417229.9926108823,4.3052210479632,1417.2299926108822
23,2025-12,5159.4029916049,54925.584970882344,5.1594029916049005,54.92558497088235
23,2026-01,1177.2299563046001,23694.102388,1.1772299563046,23.694102388
23,2026-02,4993.491710577318,250628.99234352945,4.993491710577318,250.62899234352946
23,2026-03,4798.105432238412,186759.86718400003,4.798105432238412,186.75986718400003
23,2026-04,2755.2167564889646,22158.08419,2.7552167564889647,22.15808419
23,2026-05,4999.079334536235,339062.13214500004,4.999079334536235,339.062132145
23,2026-06,9742.044596022648,1313176.0342140002,9.742044596022648,1313.1760342140003
23,2026-07,2141.5378663508,203178.28539250002,2.1415378663508,203.17828539250002
23,2026-08,1920.4676761530532,748034.95525,1.9204676761530532,748.03495525
23,2026-09,5364.253556724088,1833.8582350000001,5.364253556724089,1.8338582350000001
23,2026-10,6975.041201507648,418207.18152723537,6.975041201507648,418.2071815272354
23,2026-11,6113.088013521071,17853.444125,6.113088013521071,17.853444125000003
23,2026-12,9719.179515876165,171712.011548,9.719179515876165,171.71201154800002
23,2027-01,7513.025917308776,228777.41276176472,7.513025917308776,228.7774127617647
23,2027-02,4065.9521616479415,336721.56014200003,4.0659521616479415,336.72156014200004
23,2027-03,1546.2498234152001,222449.91304800005,1.5462498234152002,222.44991304800004
23,2027-04,3047.9638246881,242863.00444450002,3.0479638246881,242.86300444450004
23,2027-05,12355.549670213102,10.09305,12.355549670213103,0.01009305
23,2027-06,1652.326029975,167180.30769647064,1.652326029975,167.18030769647063
23,2027-07,3540.052631278859,1170.6318250000002,3.5400526312788587,1.170631825
23,2027-08,15047.298312770965,33.081950000000006,15.047298312770964,0.033081950000000006
23,2027-09,3040.6940213745,48.7817,3.0406940213745,0.0487817
23,2027-10,2770.0792576794825,56821.45012500001,2.7700792576794826,56.82145012500001
23,2027-11,8587.624087615271,1246235.8404265002,8.587624087615271,1246.2358404265
23,2027-12,2426.4691734844,39154.640745000004,2.4264691734844,39.154640745
23,2028-01,4156.770399357753,1834.0490300000004,4.156770399357753,1.8340490300000003
23,2028-02,2012.6920600541941,31.1366,2.012692060054194,0.0311366
23,2028-03,9792.96737011357,835303.6131165001,9.79296737011357,835.3036131165001
23,2028-04,7995.460289774271,15461.166688,7.995460289774271,15.461166687999999
23,2028-05,4966.597402919029,110729.01558400001,4.966597402919029,110.72901558400001
23,2028-06,4546.5549858321,216366.83810500003,4.5465549858321,216.36683810500003
23,2028-07,4969.691808604601,4843.355055000001,4.969691808604601,4.843355055000001
24,2024-01,17776.957789887798,10121.45695,17.7769577898878,10.121456949999999
24,2024-02,2949.3197308958825,132255.40911,2.9493197308958825,132.25540911000002
24,2024-03,5977.9253616417,31657.68022,5.9779253616417,31.65768022
24,2024-04,5947.360250784648,50865.790164705875,5.947360250784648,50.86579016470588
24,2024-05,2295.2979113988235,397.2861,2.2952979113988237,0.3972861
24,2024-06,5437.125324052971,154475.53128,5.437125324052971,154.47553127999998
24,2024-07,15647.792100148896,36715.66723,15.647792100148896,36.71566723
24,2024-08,4729.763722276912,36790.0165,4.729763722276911,36.7900165
24,2024-09,7930.602981669859,15060.52438235294,7.9306029816698596,15.06052438235294
24,2024-10,6333.950947057735,224050.37657647062,6.333950947057735,224.05037657647063
24,2024-11,2338.7227214588,238851.90104000003,2.3387227214588,238.85190104000003
24,2024-12,19222.608840901485,629858.2959750002,19.222608840901486,629.8582959750003
24,2025-01,11112.475118018236,96929.41842,11.112475118018235,96.92941842
24,2025-02,3683.7994118978118,445262.73802,3.683799411897812,445.26273802
24,2025-03,27998.8610165352,87975.42454,27.9988610165352,87.97542454
24,2025-04,10381.2843313432,11117.726,10.3812843313432,11.117726000000001
24,2025-05,16800.018358275433,17818.831570000002,16.800018358275434,17.81883157
24,2025-06,3551.5870961165,38464.4358382353,3.5515870961165,38.4644358382353
24,2025-07,4374.447667353359,167342.584975,4.374447667353359,167.342584975
24,2025-08,13017.8630885073,585473.283285,13.0178630885073,585.473283285
24,2025-09,16749.29534146608,32139.124565,16.74929534146608,32.139124564999996
24,2025-10,3488.8447790828945,6648.3769,3.4888447790828945,6.648376900000001
24,2025-11,1918.0924948914,93038.1835,1.9180924948914,93.0381835
24,2025-12,4902.243770193648,9328.92679411765,4.902243770193648,9.328926794117649
24,2026-01,1172.4503924318,412108.07524,1.1724503924318002,412.10807523999995
24,2026-02,8298.989801150201,227407.1631047059,8.298989801150201,227.4071631047059
24,2026-03,4401.590634130142,107341.26003500001,4.401590634130142,107.34126003500002
24,2026-04,5957.283972518976,715055.8810200001,5.957283972518976,715.0558810200001
24,2026-05,2625.9142979678004,106534.70722000001,2.6259142979678005,106.53470722000002
24,2026-06,3805.544353739118,54875.847310000005,3.805544353739118,54.875847310000005
24,2026-07,4010.044679597518,21340.188495000002,4.010044679597518,21.340188495000003
24,2026-08,1367.1524090544,104649.672,1.3671524090544,104.64967200000001
24,2026-09,1647.515243647047,1224650.5670900003,1.647515243647047,1224.6505670900003
24,2026-10,2547.2590251792058,2838.2527999999998,2.5472590251792058,2.8382528
24,2026-11,6647.727880188801,134.30700000000002,6.647727880188801,0.134307
24,2026-12,2917.9286641283825,107934.434135,2.9179286641283824,107.934434135
24,2027-01,11333.810309911389,66103.59119,11.333810309911389,66.10359119
24,2027-02,5424.161083898095,17426.13421,5.424161083898095,17.42613421
24,2027-03,3468.955193995247,476303.5612450001,3.468955193995247,476.3035612450001
24,2027-04,4066.1581190867996,59932.777474999995,4.0661581190868,59.932777474999995
24,2027-05,9699.698319413854,67899.02867,9.699698319413853,67.89902866999999
24,2027-06,980.4783416916,109497.83226470587,0.9804783416916,109.49783226470586
24,2027-07,7899.953513156347,19109.474000000002,7.899953513156347,19.109474000000002
24,2027-08,5469.507735614729,528804.6312899999,5.469507735614729,528.80463129
24,2027-09,3253.940734197894,285353.2543529412,3.253940734197894,285.3532543529412
24,2027-10,4533.3120811695535,1700164.066715,4.533312081169553,1700.164066715
24,2027-11,6098.726075715342,28414.827680000002,6.098726075715342,28.414827680000002
24,2027-12,12274.557398004,333546.65819,12.274557398004001,333.54665818999996
24,2028-01,3566.073066957365,250933.50449000002,3.566073066957365,250.93350449000002
24,2028-02,2731.0246767160706,86579.75631,2.731024676716071,86.57975631
24,2028-03,1907.2003671942,38026.61625,1.9072003671942,38.02661625
24,2028-04,4361.676005679624,389598.50358499994,4.361676005679624,389.59850358499995
24,2028-05,13031.36665717553,35886.29853,13.031366657175528,35.88629853
24,2028-06,5705.796551653482,210971.375125,5.705796551653482,210.97137512499998
24,2028-07,32139.602446290803,441494.371855,32.1396024462908,441.494371855
25,2024-01,6465.187354189965,1042587.7620650001,6.465187354189965,1042.587762065
25,2024-02,3786.3926092812653,164684.572185,3.786392609281265,164.684572185
25,2024-03,2397.6412691385412,87378.32308,2.3976412691385414,87.37832308
25,2024-04,2912.0826088694002,90044.04943,2.9120826088694,90.04404943
25,2024-05,2941.4128212033647,227457.05882352943,2.9414128212033646,227.45705882352942
25,2024-06,5354.377655207241,67083.35001,5.354377655207242,67.08335000999999
25,2024-07,5228.4394475998,191.858,5.2284394475998,0.191858
25,2024-08,8721.41843026597,38433.81374411765,8.72141843026597,38.43381374411765
25,2024-09,3831.8849700744,204595.17527500002,3.8318849700744,204.595175275
25,2024-10,3190.9617070792942,388956.50087,3.1909617070792944,388.95650087
25,2024-11,4371.514952192941,84736.5198982353,4.371514952192941,84.7365198982353
25,2024-12,1893.615105087765,273432.10416,1.893615105087765,273.43210416
25,2025-01,4346.1782691439,10527.3462,4.3461782691439,10.5273462
25,2025-02,1719.3041705253002,55.049,1.7193041705253,0.055049
25,2025-03,7424.592688653302,1196955.9471149999,7.424592688653302,1196.9559471149998
25,2025-04,5057.615035776471,22373.057999999997,5.057615035776471,22.373057999999997
25,2025-05,9703.89287882036,634341.87,9.703892878820358,634.34187
25,2025-06,1167.1691279812705,26810.67725,1.1671691279812706,26.81067725
25,2025-07,989.3456348700001,2464063.508295,0.9893456348700002,2464.0635082950002
25,2025-08,7974.0657130832005,453674.0479,7.974065713083201,453.6740479
25,2025-09,1234.0760035266765,77907.95926470589,1.2340760035266765,77.9079592647059
25,2025-10,3520.0069074866005,68287.52065,3.5200069074866005,68.28752065
25,2025-11,18726.657058416236,101683.51887,18.726657058416237,101.68351887
25,2025-12,4482.8757336491535,345183.1084276471,4.482875733649154,345.1831084276471
25,2026-01,3006.3551698821534,206636.675165,3.0063551698821533,206.63667516499999
25,2026-02,4959.138646571,77999.49641,4.959138646571001,77.99949641
25,2026-03,1204.19175483,29472.58015,1.20419175483,29.472580150000002
25,2026-04,6627.540028367001,92684.98857,6.627540028367001,92.68498857
25,2026-05,5001.540560750788,122726.048235,5.001540560750788,122.726048235
25,2026-06,9771.5902789513,50051.5935,9.771590278951301,50.0515935
25,2026-07,9972.565768057577,145350.973325,9.972565768057576,145.350973325
25,2026-08,2640.798536931412,363961.46733264707,2.640798536931412,363.9614673326471
25,2026-09,4670.901559688517,33652.12235,4.6709015596885175,33.65212235
25,2026-10,4558.934344389894,453003.81567000004,4.558934344389894,453.00381567000005
25,2026-11,6302.9005596028,365614.6998147059,6.3029005596028,365.6146998147059
25,2026-12,18071.20308850725,40148.64105882353,18.07120308850725,40.14864105882353
25,2027-01,2713.9579993968,51489.6558,2.7139579993968,51.4896558
25,2027-02,1737.782567377,131015.03718999999,1.737782567377,131.01503719
25,2027-03,3840.343399431165,300526.1484270588,3.840343399431165,300.52614842705884
25,2027-04,4136.4138719896,13589.80657,4.1364138719896,13.58980657
25,2027-05,3133.983877830794,73077.84261,3.133983877830794,73.07784261
25,2027-06,9910.724606693011,71875.37102,9.91072460669301,71.87537102
25,2027-07,6182.920350205301,119878.732085,6.1829203502053005,119.878732085
25,2027-08,5019.094919057117,204320.41254000002,5.0190949190571175,204.32041254
25,2027-09,3910.2962143751297,271732.852765,3.91029621437513,271.732852765
25,2027-10,7558.7968115216,20399.25495,7.5587968115216,20.39925495
25,2027-11,3317.4837101392004,229605.27236352942,3.3174837101392005,229.60527236352942
25,2027-12,8305.314478334118,549095.347105,8.305314478334118,549.0953471050001
25,2028-01,786.6684578164001,232541.401905,0.7866684578164,232.54140190500001
25,2028-02,6616.546548633635,110822.23370205882,6.616546548633635,110.82223370205881
25,2028-03,15718.838538700624,1627129.5394958823,15.718838538700624,1627.1295394958825
25,2028-04,8607.233926098554,73549.4685,8.607233926098553,73.5494685
25,2028-05,4364.822463911083,153800.16846500002,4.364822463911083,153.800168465
25,2028-06,6826.791862053201,8080.250500000001,6.826791862053201,8.080250500000002
25,2028-07,1142.9458067894118,315723.97884,1.1429458067894118,315.72397884
26,2024-01,6302.2267361185,103486.51089450001,6.3022267361185005,103.48651089450001
26,2024-02,11158.1080755389,79018.85725649999,11.1581080755389,79.0188572565
26,2024-03,7378.105132098094,63542.81061,7.378105132098094,63.542810610000004
26,2024-04,2064.2320380155293,25571.189794500002,2.0642320380155295,25.5711897945
26,2024-05,3494.3899204285885,258501.178395,3.4943899204285884,258.501178395
26,2024-06,6374.5862251924,121079.40578100001,6.3745862251924,121.079405781
26,2024-07,9828.643395703948,101786.8867335,9.828643395703947,101.7868867335
26,2024-08,7437.272762512471,64998.87077647058,7.437272762512471,64.99887077647058
26,2024-09,2088.7053186702,28554.390288,2.0887053186702,28.554390288
26,2024-10,23250.7768506819,158022.52119000003,23.250776850681902,158.02252119000002
26,2024-11,6203.899622194966,344029.5684225,6.203899622194966,344.0295684225
26,2024-12,3056.0898708634,193886.77860000002,3.0560898708634,193.8867786
26,2025-01,4135.4461814312,38902.28532352942,4.1354461814312,38.90228532352942
26,2025-02,1235.0989655,82893.70093235295,1.2350989655,82.89370093235294
26,2025-03,520.2473288543058,228003.62265,0.5202473288543058,228.00362265
26,2025-04,3083.0842438718355,638299.1710935,3.0830842438718356,638.2991710935
26,2025-05,7274.936358656148,194761.9886532353,7.274936358656148,194.7619886532353
26,2025-06,3087.8988854634827,54.468,3.0878988854634826,0.054468
26,2025-07,6642.242802884401,960860.689155,6.6422428028844,960.860689155
26,2025-08,6746.0740018896,83217.17919705882,6.746074001889601,83.21717919705883
26,2025-09,1524.2294788906825,10022.881023529411,1.5242294788906825,10.022881023529411
26,2025-10,4434.906014953689,225165.2098118824,4.434906014953689,225.16520981188242
26,2025-11,3264.4709620308004,3606.2570250000003,3.2644709620308006,3.6062570250000006
26,2025-12,2794.308776501306,97.34985,2.794308776501306,0.09734985
26,2026-01,4395.110397113941,202236.137235,4.395110397113941,202.236137235
26,2026-02,5533.4229630026475,273305.36428173527,5.533422963002647,273.30536428173525
26,2026-03,6505.0789745916,5554.6911,6.5050789745916,5.5546911
26,2026-04,2250.2084078459648,272447.13053699996,2.2502084078459648,272.44713053699996
26,2026-05,5873.499951492059,272171.284218,5.873499951492059,272.17128421800004
26,2026-06,6293.5610623774,71219.923605,6.2935610623774,71.219923605
26,2026-07,561.0535481708001,202999.7381355,0.5610535481708001,202.9997381355
26,2026-08,2205.8461331995004,3697.01181,2.2058461331995005,3.69701181
26,2026-09,15070.63798145587,57305.71765111766,15.070637981455869,57.30571765111766
26,2026-10,6205.222420997341,125785.73204258824,6.205222420997341,125.78573204258824
26,2026-11,5696.184479357966,577791.0261315,5.6961844793579655,577.7910261315001
26,2026-12,3994.6685018071885,131704.90116882353,3.9946685018071886,131.70490116882354
26,2027-01,1434.3010538688236,290917.40562000003,1.4343010538688237,290.91740562
26,2027-02,1894.1385826010116,63548.827971617655,1.8941385826010118,63.548827971617655
26,2027-03,4623.703882702294,100359.73749705883,4.623703882702294,100.35973749705883
26,2027-04,2189.3721219258823,51975.617337,2.1893721219258824,51.975617337
26,2027-05,8161.153196645676,287761.4364420001,8.161153196645676,287.7614364420001
26,2027-06,2552.6130331732943,122361.4236645,2.5526130331732944,122.36142366450001
26,2027-07,9666.4722420867,18676.4058,9.6664722420867,18.6764058
26,2027-08,3691.3352486428116,223223.108958,3.6913352486428117,223.22310895799998
26,2027-09,4546.689623538499,125131.88079582354,4.5466896235385,125.13188079582355
26,2027-10,6148.169041401041,379931.67448411766,6.148169041401041,379.93167448411765
26,2027-11,2830.8737452765004,200547.68755950002,2.8308737452765005,200.54768755950002
26,2027-12,3462.5288690141415,108880.661007,3.4625288690141414,108.880661007
26,2028-01,3319.5706865173297,2962.17405,3.31957068651733,2.9621740500000002
26,2028-02,2542.2970196328,236879.969139,2.5422970196328003,236.879969139
26,2028-03,12844.117069171501,442.25235000000004,12.844117069171501,0.44225235
26,2028-04,6012.547043354589,507733.43159223534,6.012547043354589,507.7334315922353
26,2028-05,4924.049402698236,379798.661556,4.924049402698236,379.798661556
26,2028-06,2068.0860834802,287644.1706135,2.0680860834802,287.6441706135
26,2028-07,1394.0365770285882,0.0,1.3940365770285883,0.0
27,2024-01,1958.1700531000001,48625.624236,1.9581700531000001,48.625624236
27,2024-02,5080.0170200428465,105412.1687976,5.080017020042846,105.41216879759999
27,2024-03,10619.835046731601,126221.01387280002,10.619835046731602,126.22101387280001
27,2024-04,22802.86360194543,22090.53394404706,22.802863601945432,22.09053394404706
27,2024-05,6086.001296551323,74.69560000000001,6.0860012965513235,0.07469560000000001
27,2024-06,2077.535973088,18071.944239999997,2.077535973088,18.071944239999997
27,2024-07,2963.9837277386414,18321.2985928,2.9639837277386416,18.3212985928
27,2024-08,2929.0707669651883,36840.328,2.9290707669651885,36.840328
27,2024-09,5241.1929566628,394647.56576280005,5.2411929566627995,394.64756576280007
27,2024-10,15011.29130699443,75298.85330800002,15.01129130699443,75.29885330800002
27,2024-11,5226.4439361261,36999.07663760001,5.2264439361261,36.99907663760001
27,2024-12,14027.175064206695,11773.35642,14.027175064206695,11.77335642
27,2025-01,13811.494578631178,481755.6614985883,13.811494578631178,481.75566149858827
27,2025-02,2440.8868141437647,88065.46248360003,2.4408868141437647,88.06546248360003
27,2025-03,4790.825877537813,30878.325800000002,4.790825877537813,30.878325800000002
27,2025-04,4919.002999311565,497843.04533600016,4.919002999311565,497.84304533600016
27,2025-05,4449.573298064006,83962.352404,4.449573298064006,83.962352404
27,2025-06,1543.5292473261002,61600.82201,1.5435292473261002,61.60082201
27,2025-07,10333.8401458375,102275.99173647059,10.333840145837499,102.27599173647059
27,2025-08,3831.050383126,136174.82646105884,3.8310503831259997,136.17482646105884
27,2025-09,9585.022696785802,55000.93444456472,9.585022696785801,55.00093444456472
27,2025-10,2210.166157519,42101.01764400001,2.210166157519,42.10101764400001
27,2025-11,4112.5887076635,77481.64644178824,4.1125887076635,77.48164644178824
27,2025-12,6011.755722012035,56257.290415529416,6.011755722012035,56.25729041552942
27,2026-01,4176.422200901989,8195.560144800002,4.176422200901989,8.195560144800002
27,2026-02,7323.512017681601,1058502.6131344,7.323512017681601,1058.5026131344
27,2026-03,2633.2107071294,32969.24022,2.6332107071294,32.96924022
27,2026-04,1370.7463383064885,87174.80460623531,1.3707463383064884,87.17480460623531
27,2026-05,5564.50203897073,1240533.4093712003,5.56450203897073,1240.5334093712002
27,2026-06,2920.0399351827414,219911.21452720003,2.9200399351827415,219.91121452720003
27,2026-07,6388.406604920465,123519.42415449413,6.388406604920465,123.51942415449413
27,2026-08,2154.9991398031766,46414.75530258824,2.1549991398031767,46.41475530258824
27,2026-09,13930.446501202201,168578.01660560005,13.930446501202201,168.57801660560006
27,2026-10,12748.34578459906,114446.4678028,12.74834578459906,114.4464678028
27,2026-11,10698.84657299267,14688.503101176471,10.69884657299267,14.68850310117647
27,2026-12,2122.115923353718,30862.134147599998,2.122115923353718,30.8621341476
27,2027-01,4575.550065176612,80062.28341011766,4.575550065176612,80.06228341011766
27,2027-02,2447.2243551592,112993.87512000001,2.4472243551592,112.99387512000001
27,2027-03,6764.1663199794,62055.22130327059,6.764166319979401,62.05522130327059
27,2027-04,3638.0933057466,29518.04806654118,3.6380933057466,29.51804806654118
27,2027-05,12065.272703239294,131285.4827984,12.065272703239295,131.28548279839998
27,2027-06,5113.490967284529,149437.2115929412,5.113490967284529,149.4372115929412
27,2027-07,4552.528765371224,325862.18190696475,4.552528765371224,325.86218190696474
27,2027-08,4997.645060253618,405666.7159570119,4.9976450602536175,405.6667159570119
27,2027-09,3431.2589263243703,390781.76922070596,3.4312589263243702,390.78176922070594
27,2027-10,4084.6580506428354,84165.32374040002,4.084658050642836,84.16532374040003
27,2027-11,5291.950384601177,265379.4804556,5.291950384601177,265.3794804556
27,2027-12,3849.4168663334,157889.609948,3.8494168663334,157.889609948
27,2028-01,1639.749613282965,62.55592000000001,1.639749613282965,0.06255592
27,2028-02,2049.1092003192,91500.39199049411,2.0491092003192004,91.50039199049411
27,2028-03,10329.525637114388,312085.4828560001,10.329525637114388,312.08548285600006
27,2028-04,3418.121568511624,22331.86928,3.418121568511624,22.33186928
27,2028-05,3988.7007271370003,349643.2436280001,3.988700727137,349.6432436280001
27,2028-06,3812.2207834604415,30953.034347200006,3.8122207834604414,30.953034347200006
27,2028-07,14050.729036820801,155278.2202412,14.050729036820801,155.27822024120002
28,2024-01,6883.004699145848,275737.4924975,6.883004699145848,275.7374924975
28,2024-02,3098.7068909078353,107993.727314,3.0987068909078355,107.993727314
28,2024-03,4578.0761545072,61968.377823,4.5780761545072,61.968377823000004
28,2024-04,2950.9086802784,17721.309155,2.9509086802784,17.721309155
28,2024-05,3022.6868959120943,1423.0843000000002,3.0226868959120945,1.4230843000000002
28,2024-06,6716.9488924852,47149.86815,6.7169488924852,47.14986815
28,2024-07,6391.2905711205885,163.32360000000003,6.391290571120589,0.16332360000000004
28,2024-08,8644.84310443523,593172.6180270001,8.644843104435228,593.1726180270001
28,2024-09,5103.381854245494,9562.517800000001,5.103381854245494,9.562517800000002
28,2024-10,4748.503762231471,84029.37681341177,4.748503762231471,84.02937681341177
28,2024-11,7783.119938919506,585537.364489,7.783119938919506,585.5373644890001
28,2024-12,2597.7712717396826,49074.650691,2.5977712717396826,49.074650691
28,2025-01,2805.9866890188,177048.3284295,2.8059866890188,177.0483284295
28,2025-02,3964.2473689552944,149828.38665300002,3.9642473689552946,149.82838665300002
28,2025-03,6026.316862718848,171550.15256176473,6.026316862718848,171.55015256176472
28,2025-04,4258.206702703824,325521.7587325001,4.2582067027038235,325.5217587325001
28,2025-05,2598.892491625712,101770.24293700002,2.598892491625712,101.77024293700002
28,2025-06,5786.8042205028005,214007.39315676474,5.7868042205028,214.00739315676475
28,2025-07,8967.664946666893,66.5775,8.967664946666893,0.0665775
28,2025-08,2497.9950283250355,52158.539985911775,2.4979950283250356,52.15853998591177
28,2025-09,1310.251729925,14237.299890000002,1.310251729925,14.237299890000003
28,2025-10,1636.044834220353,138708.82069000002,1.636044834220353,138.70882069
28,2025-11,2334.3137004347063,258097.18034100006,2.3343137004347065,258.09718034100007
28,2025-12,3575.2015821329533,55624.324536,3.5752015821329532,55.624324536
28,2026-01,4383.7129336613825,290363.44126900006,4.383712933661383,290.3634412690001
28,2026-02,3030.445563766047,78461.96435000001,3.030445563766047,78.46196435
28,2026-03,2913.5835182044943,287171.75652550004,2.9135835182044945,287.17175652550003
28,2026-04,13300.348661493501,98196.04923700001,13.300348661493501,98.19604923700001
28,2026-05,1910.1578781625942,329830.3966375,1.9101578781625943,329.8303966375
28,2026-06,4875.8616971433,77307.28681952943,4.8758616971433,77.30728681952942
28,2026-07,703.9597399749413,117697.49292399999,0.7039597399749413,117.69749292399999
28,2026-08,6580.287792548077,750833.1730434119,6.580287792548077,750.8331730434119
28,2026-09,4326.497210032447,44232.044449676476,4.326497210032446,44.23204444967648
28,2026-10,5051.802221992,1414283.3253550297,5.051802221992,1414.2833253550298
28,2026-11,6576.580565213012,22534.305200000003,6.576580565213012,22.534305200000002
28,2026-12,2283.3662766994116,110988.06950000001,2.283366276699412,110.98806950000001
28,2027-01,10791.685852431301,17123.442234411767,10.791685852431302,17.123442234411765
28,2027-02,1479.7551349630003,34286.005798000006,1.4797551349630003,34.286005798000005
28,2027-03,3546.312402442365,69305.150376,3.546312402442365,69.305150376
28,2027-04,7099.036207720442,432122.9729575001,7.099036207720442,432.1229729575001
28,2027-05,5747.815516930872,489850.77512800007,5.7478155169308724,489.85077512800007
28,2027-06,6560.5988528928,3565.886885000001,6.5605988528928005,3.5658868850000007
28,2027-07,2034.8842187528471,36065.56438747059,2.0348842187528473,36.065564387470594
28,2027-08,1587.8212734379003,30505.926231000005,1.5878212734379002,30.505926231000004
28,2027-09,4112.207767988048,181.99720000000002,4.112207767988048,0.18199720000000003
28,2027-10,5946.959591689382,3177580.6672580885,5.9469595916893825,3177.5806672580884
28,2027-11,4452.81255087,137748.21335000003,4.45281255087,137.74821335000004
28,2027-12,7543.011182873988,375792.12612150004,7.543011182873988,375.7921261215
28,2028-01,2024.7693590824472,3974.6047000000003,2.0247693590824474,3.9746047000000004
28,2028-02,978.6999107644118,15473.844870000003,0.9786999107644118,15.473844870000002
28,2028-03,7269.5300112796,670.9347700000001,7.2695300112796,0.6709347700000001
28,2028-04,12265.269832077436,4498.727879411765,12.265269832077436,4.498727879411764
28,2028-05,6256.454030941924,139704.21976500002,6.256454030941924,139.704219765
28,2028-06,8593.344037458,260193.008306,8.593344037458001,260.193008306
28,2028-07,2303.692570836,217773.74804414704,2.303692570836,217.77374804414703
29,2024-01,4480.5921484663995,60.781560000000006,4.4805921484664,0.060781560000000005
29,2024-02,9029.303419006777,3303.3159880000007,9.029303419006778,3.303315988000001
29,2024-03,1007.4861263192,483035.82824000006,1.0074861263192,483.03582824000006
29,2024-04,1755.0129101468708,262185.24743600003,1.7550129101468708,262.18524743600005
29,2024-05,12628.270329748535,292674.88728520006,12.628270329748535,292.67488728520004
29,2024-06,5013.0005524184,496727.16670080007,5.0130005524184,496.72716670080007
29,2024-07,4353.537097716683,1435.1455160000003,4.353537097716683,1.4351455160000002
29,2024-08,5530.2021541304,33349.75641282353,5.5302021541304,33.34975641282353
29,2024-09,5761.1668396893,67.86668,5.7611668396893005,0.06786668
29,2024-10,3490.4376512723297,339660.80953840003,3.49043765127233,339.66080953840003
29,2024-11,6233.3228936266005,294.1974,6.2333228936266005,0.2941974
29,2024-12,2790.928067403,149260.81692480002,2.790928067403,149.26081692480003
29,2025-01,1273.008591488,150653.33892,1.273008591488,150.65333892
29,2025-02,5611.5430659634,39278.93816263529,5.6115430659634,39.27893816263529
29,2025-03,4949.428877649199,281719.6881090118,4.9494288776492,281.71968810901177
29,2025-04,2552.7390733945886,75681.43402910589,2.5527390733945885,75.68143402910589
29,2025-05,2825.216351984447,153505.35242280003,2.825216351984447,153.50535242280003
29,2025-06,6584.461463205812,0.0,6.584461463205812,0.0
29,2025-07,6363.8187162754,30903.488772800003,6.3638187162754,30.903488772800003
29,2025-08,2604.485158613,115955.40194560001,2.604485158613,115.95540194560002
29,2025-09,894.9073178588236,93759.9050388,0.8949073178588236,93.7599050388
29,2025-10,2006.5882611341294,46011.002660000006,2.0065882611341292,46.01100266
29,2025-11,5485.289759766682,80414.38453720002,5.485289759766682,80.41438453720002
29,2025-12,2536.2995217626003,291467.7641994589,2.5362995217626003,291.4677641994589
29,2026-01,4244.4448320122,296639.4764732001,4.2444448320122,296.6394764732001
29,2026-02,3359.1175676383536,12556.669440000001,3.3591175676383536,12.556669440000002
29,2026-03,5198.541849457,10099.392800000001,5.198541849457,10.099392800000002
29,2026-04,2417.6190924714356,2432.9376120000006,2.4176190924714356,2.432937612000001
29,2026-05,3772.5348979386176,133.68152,3.7725348979386175,0.13368152
29,2026-06,6312.049496309901,184814.9690576,6.312049496309901,184.81496905760002
29,2026-07,1116.4516744625882,40257.74117647059,1.1164516744625883,40.25774117647059
29,2026-08,7097.836487462259,91315.77277908236,7.097836487462259,91.31577277908235
29,2026-09,1513.499759862306,10414.415620000002,1.5134997598623061,10.414415620000002
29,2026-10,3859.009885716412,141160.675152,3.859009885716412,141.160675152
29,2026-11,15620.433248657513,17384.63855058824,15.620433248657513,17.38463855058824
29,2026-12,6695.476373619324,285205.4490296942,6.695476373619323,285.2054490296942
29,2027-01,4231.942099392682,315802.0607196,4.231942099392683,315.8020607196
29,2027-02,2003.1083056612,61639.48,2.0031083056612,61.639480000000006
29,2027-03,10604.54919004396,65043.51462280001,10.60454919004396,65.0435146228
29,2027-04,1709.5259615450882,12741.642430588237,1.7095259615450882,12.741642430588238
29,2027-05,2692.1615053987293,343539.8493828,2.692161505398729,343.5398493828
29,2027-06,1262.6520328454,20433.203932400007,1.2626520328454,20.43320393240001
29,2027-07,6124.7016265347775,67.03704,6.124701626534778,0.06703704
29,2027-08,7957.548509797006,80733.25806823531,7.957548509797006,80.73325806823532
29,2027-09,21747.37766424531,15094.961560000003,21.74737766424531,15.094961560000003
29,2027-10,7328.706393006824,34904.73691600001,7.328706393006824,34.90473691600001
29,2027-11,2350.8690730880944,9686.57928,2.3508690730880946,9.68657928
29,2027-12,4455.795551041623,25673.426688000003,4.455795551041623,25.673426688000003
29,2028-01,6818.106237714347,124304.82265880001,6.818106237714347,124.3048226588
29,2028-02,1889.4430568353118,147123.45283341178,1.8894430568353118,147.1234528334118
29,2028-03,3802.651218628118,744334.9845484,3.802651218628118,744.3349845484
29,2028-04,4973.895042109765,28.87612,4.973895042109765,0.02887612
29,2028-05,3667.6926048370356,1833.9224988000003,3.6676926048370357,1.8339224988000002
29,2028-06,5466.530019726801,6845.849360000001,5.4665300197268,6.845849360000001
29,2028-07,8279.212016129506,62613.401407200006,8.279212016129506,62.61340140720001
30,2024-01,3761.854334780747,49740.408354,3.761854334780747,49.740408353999996
30,2024-02,820.5564802016471,136991.66930399998,0.8205564802016471,136.99166930399997
30,2024-03,7836.4329407362,100567.22019120002,7.8364329407362,100.56722019120002
30,2024-04,5310.566200169587,260911.4045916,5.310566200169587,260.9114045916
30,2024-05,706.35176587,677511.5586876001,0.70635176587,677.5115586876001
30,2024-06,4764.423026107501,625376.6026116,4.764423026107501,625.3766026116
30,2024-07,2987.2538945413003,345616.3392486,2.9872538945413,345.6163392486
30,2024-08,1637.5728713033532,53270.083355999996,1.6375728713033533,53.270083355999994
30,2024-09,4663.099898866718,52124.38918680001,4.663099898866718,52.12438918680001
30,2024-10,6399.454970541642,182.55216000000001,6.399454970541642,0.18255216000000002
30,2024-11,1552.4481837915,11885.312731764703,1.5524481837915,11.885312731764703
30,2024-12,6529.239957718382,275016.1480302353,6.529239957718382,275.01614803023534
30,2025-01,3655.6291607604003,27651.5379,3.6556291607604003,27.6515379
30,2025-02,2781.5694026506003,135004.37664,2.7815694026506,135.00437664
30,2025-03,2788.077084061365,147554.76946214115,2.788077084061365,147.55476946214114
30,2025-04,2292.111415915565,325328.5100890588,2.292111415915565,325.3285100890588
30,2025-05,6956.148319233401,79406.9220966,6.9561483192334,79.4069220966
30,2025-06,10169.255085711864,1420694.6190849177,10.169255085711864,1420.6946190849178
30,2025-07,6968.458574663,420721.65088379994,6.968458574663,420.72165088379995
30,2025-08,14333.92658857946,263084.6064588,14.333926588579459,263.08460645879995
30,2025-09,1162.3634558240294,187574.57761411765,1.1623634558240294,187.57457761411766
30,2025-10,9886.879772907307,148.1214,9.886879772907307,0.1481214
30,2025-11,6796.453316899095,168886.36566331764,6.796453316899095,168.88636566331763
30,2025-12,14250.112897012423,113661.08427141175,14.250112897012423,113.66108427141175
30,2026-01,4969.593317775589,124263.8795916,4.969593317775589,124.26387959159999
30,2026-02,3688.5105802424705,48440.96516823529,3.6885105802424705,48.440965168235294
30,2026-03,1516.4330816616,328043.902872,1.5164330816616,328.043902872
30,2026-04,2277.6592896901766,171.88709999999998,2.2776592896901766,0.1718871
30,2026-05,5669.702129465601,16596.1554276,5.669702129465601,16.5961554276
30,2026-06,3821.462939375,2191.324422,3.821462939375,2.191324422
30,2026-07,3513.0388313082594,422913.69792,3.5130388313082594,422.91369792
30,2026-08,7791.695956043724,95477.29873129411,7.791695956043724,95.47729873129411
30,2026-09,7378.792766351778,142485.0063294,7.378792766351777,142.4850063294
30,2026-10,1943.2712944450118,14902.344996,1.943271294445012,14.902344996
30,2026-11,2368.740308780471,162068.6272464,2.368740308780471,162.06862724639998
30,2026-12,6797.8342108591005,232910.08332480004,6.797834210859101,232.91008332480004
30,2027-01,4050.9326992382767,26.457059999999995,4.050932699238277,0.026457059999999994
30,2027-02,908.8373503616001,41712.5622228,0.9088373503616001,41.7125622228
30,2027-03,2270.7260102222062,334.53083999999996,2.2707260102222064,0.33453083999999994
30,2027-04,4832.5813379077,31394.24652,4.8325813379077,31.39424652
30,2027-05,16297.975644522752,841417.6511258823,16.29797564452275,841.4176511258822
30,2027-06,3079.7957620811767,131940.5643809647,3.0797957620811767,131.9405643809647
30,2027-07,3341.9344748646704,1043315.000670847,3.3419344748646704,1043.315000670847
30,2027-08,2840.1298248820003,21278.1983988,2.840129824882,21.2781983988
30,2027-09,5617.632790182271,48551.3899878,5.61763279018227,48.5513899878
30,2027-10,4226.7200004808,16689.925098,4.2267200004808,16.689925098
30,2027-11,4846.231140169636,359134.7978387647,4.846231140169636,359.13479783876465
30,2027-12,2763.1936123891414,151224.614961,2.7631936123891414,151.22461496100001
30,2028-01,982.7851748025295,9882.886439999998,0.9827851748025295,9.882886439999998
30,2028-02,8851.30296692343,18442.1328,8.851302966923429,18.4421328
30,2028-03,8122.124196673512,162907.28273647057,8.122124196673512,162.90728273647056
30,2028-04,5177.074093161877,69330.559704,5.177074093161877,69.330559704
30,2028-05,2188.6261089716177,31052.466815999996,2.1886261089716177,31.052466815999995
30,2028-06,2896.8221391288002,52390.032995999994,2.8968221391288003,52.390032995999995
30,2028-07,4755.051868195294,57381.740639999996,4.755051868195294,57.38174064
31,2024-01,6843.744646760541,106148.09002500001,6.843744646760541,106.14809002500002
31,2024-02,3463.867381597018,77380.14050000001,3.463867381597018,77.38014050000001
31,2024-03,4642.083651826107,583275.429935,4.642083651826106,583.275429935
31,2024-04,4240.385410376,183879.64854000002,4.240385410376001,183.87964854000003
31,2024-05,11069.3413935267,59358.289920588235,11.0693413935267,59.358289920588234
31,2024-06,8205.919902443677,23890.61680882353,8.205919902443677,23.89061680882353
31,2024-07,3181.661275916353,863977.153525,3.181661275916353,863.977153525
31,2024-08,3260.9503078376233,529528.9919438235,3.260950307837623,529.5289919438235
31,2024-09,4011.224626547594,163396.12077176472,4.011224626547595,163.3961207717647
31,2024-10,1481.142004233247,272051.3283,1.481142004233247,272.05132829999997
31,2024-11,1989.839193448,28.4535,1.989839193448,0.0284535
31,2024-12,5257.2823487050655,147671.86235500002,5.257282348705066,147.67186235500003
31,2025-01,4494.5815238866235,9380.0965,4.494581523886623,9.3800965
31,2025-02,3178.2636289722,54557.134,3.1782636289722,54.557134
31,2025-03,6774.7116636195005,22838.11238235294,6.774711663619501,22.838112382352943
31,2025-04,6831.2905379742715,28207.7171,6.831290537974271,28.2077171
31,2025-05,7928.084195071253,152706.98898,7.928084195071253,152.70698898
31,2025-06,4029.9748077848003,389974.20856000006,4.0299748077848,389.9742085600001
31,2025-07,9502.698687141601,45990.20335294118,9.502698687141601,45.99020335294118
31,2025-08,11057.691007227148,212133.21617529416,11.057691007227147,212.13321617529417
31,2025-09,4892.501992986117,248293.61311,4.8925019929861175,248.29361311
31,2025-10,1313.954116671,128808.39866441177,1.313954116671,128.80839866441175
31,2025-11,5180.399993416578,133216.84698882356,5.180399993416578,133.21684698882356
31,2025-12,6865.1753950959355,129848.272,6.865175395095935,129.848272
31,2026-01,10938.753628665672,2559044.267535,10.938753628665673,2559.044267535
31,2026-02,2928.4390060271176,124968.934825,2.9284390060271175,124.968934825
31,2026-03,5193.1759951860295,1180648.93098,5.19317599518603,1180.64893098
31,2026-04,5130.5829021656,71572.257765,5.1305829021656,71.572257765
31,2026-05,4623.799645228318,195109.00928000003,4.623799645228318,195.10900928000004
31,2026-06,5338.817952445877,45763.255995,5.338817952445877,45.763255995
31,2026-07,1201.8351987136,23708.086850000003,1.2018351987136,23.708086850000004
31,2026-08,2440.3629820058236,55194.96509,2.4403629820058237,55.19496509
31,2026-09,14713.201004725403,214570.20553,14.713201004725402,214.57020553
31,2026-10,2491.7460860034116,223523.3521035294,2.4917460860034115,223.52335210352942
31,2026-11,2334.094893651059,425158.9788723529,2.334094893651059,425.1589788723529
31,2026-12,3771.6712815859532,56667.569394705875,3.771671281585953,56.66756939470587
31,2027-01,4068.490640696377,105789.44709999999,4.068490640696377,105.78944709999999
31,2027-02,2607.2441371976943,101224.0275,2.607244137197694,101.22402749999999
31,2027-03,14469.989405930342,433879.58704882354,14.469989405930342,433.8795870488235
31,2027-04,42207.98921989681,1027256.4754,42.20798921989681,1027.2564754
31,2027-05,10821.62996727826,59356.88344117647,10.82162996727826,59.35688344117647
31,2027-06,5355.922497321848,429350.751605,5.355922497321848,429.35075160499997
31,2027-07,6105.415067172283,293712.88460499997,6.105415067172283,293.71288460499994
31,2027-08,8426.258818923612,369319.2297376471,8.426258818923612,369.3192297376471
31,2027-09,4291.49208211133,41722.34079705882,4.29149208211133,41.72234079705882
31,2027-10,9402.9787645959,366236.53463999997,9.4029787645959,366.23653463999995
31,2027-11,4441.137800160001,295340.2655082353,4.441137800160001,295.3402655082353
31,2027-12,2200.258733506941,342175.6668635294,2.2002587335069412,342.17566686352944
31,2028-01,7753.2397212609,14137.58335,7.7532397212609006,14.137583350000002
31,2028-02,3160.4537466094826,171564.738955,3.1604537466094826,171.564738955
31,2028-03,8450.952539200664,382.615,8.450952539200664,0.382615
31,2028-04,7888.783862366824,83763.41593,7.888783862366824,83.76341593000001
31,2028-05,3767.3181310276004,623066.4880088236,3.7673181310276003,623.0664880088236
31,2028-06,4948.686453145036,152565.038355,4.948686453145036,152.56503835499998
31,2028-07,5080.7634150425,188560.17745000002,5.0807634150425,188.56017745000003
32,2024-01,11906.138871820402,44020.012002400006,11.906138871820401,44.02001200240001
32,2024-02,6310.336362695883,18.308640000000004,6.310336362695883,0.018308640000000004
32,2024-03,4649.283724257736,44305.386795764716,4.649283724257736,44.30538679576472
32,2024-04,13106.566327777133,19413.23328,13.106566327777132,19.41323328
32,2024-05,3071.2184302708997,272244.27524,3.0712184302709,272.24427524
32,2024-06,2525.4371459168415,94807.50143200002,2.5254371459168414,94.80750143200002
32,2024-07,1856.5685752352706,29.466920000000002,1.8565685752352705,0.02946692
32,2024-08,3264.3460991631355,9719.732680000001,3.2643460991631357,9.719732680000002
32,2024-09,878.6186598047059,4008.2534800000003,0.8786186598047059,4.0082534800000005
32,2024-10,3216.7315723514002,305551.8463032,3.2167315723514003,305.5518463032
32,2024-11,5832.0952581262,13735.103228000002,5.8320952581262,13.735103228000002
32,2024-12,1777.2973880222944,60766.55464880001,1.7772973880222944,60.76655464880001
32,2025-01,5545.860144983318,3.9866400000000004,5.545860144983318,0.0039866400000000005
32,2025-02,13385.664486390287,8411.152232,13.385664486390288,8.411152232000001
32,2025-03,1656.5178604635,367664.3020372001,1.6565178604635,367.66430203720006
32,2025-04,6378.008790470024,5712.791308000001,6.378008790470024,5.712791308000001
32,2025-05,7147.029506908024,20886.889750917646,7.147029506908024,20.886889750917646
32,2025-06,2828.8711985319824,98400.1137922353,2.8288711985319823,98.40011379223529
32,2025-07,3499.5054981722005,41480.936112,3.4995054981722005,41.480936112
32,2025-08,4206.43361094,403.16276000000005,4.2064336109400005,0.40316276000000006
32,2025-09,8262.7688588251,28.339920000000003,8.262768858825101,0.028339920000000005
32,2025-10,4050.493526229918,78782.17383597649,4.050493526229918,78.78217383597648
32,2025-11,6629.394580342401,84454.97461520002,6.629394580342401,84.45497461520002
32,2025-12,4078.5882417394005,181757.0111868,4.078588241739401,181.75701118679999
32,2026-01,7879.9672271954005,508695.3043552471,7.879967227195401,508.6953043552471
32,2026-02,3479.7577082098005,10909.44288,3.4797577082098003,10.90944288
32,2026-03,3727.430044866059,73.55516000000001,3.727430044866059,0.07355516000000001
32,2026-04,3198.6730794388004,31554.960491764716,3.1986730794388003,31.554960491764717
32,2026-05,10326.5419077532,13815.606520800002,10.326541907753201,13.815606520800001
32,2026-06,9054.254184086101,19.02964,9.054254184086101,0.01902964
32,2026-07,9035.7188339501,8522.202689411766,9.035718833950101,8.522202689411767
32,2026-08,13011.742213257401,51659.002920000006,13.011742213257401,51.659002920000006
32,2026-09,5093.393056579,9487.248808800001,5.093393056579,9.4872488088
32,2026-10,9937.733069967331,38763.85053520001,9.937733069967331,38.76385053520001
32,2026-11,4601.843951867436,203.515004,4.601843951867436,0.203515004
32,2026-12,9220.0660831105,470809.95955280005,9.220066083110499,470.8099595528
32,2027-01,2420.105395825618,67499.51010040002,2.420105395825618,67.49951010040002
32,2027-02,12106.124936199401,4552.218440000001,12.106124936199402,4.552218440000001
32,2027-03,1714.800774468753,159537.28726748237,1.714800774468753,159.53728726748238
32,2027-04,4308.0487241087,324.56667600000003,4.3080487241087,0.32456667600000005
32,2027-05,16123.914673452378,90868.46461000002,16.12391467345238,90.86846461000002
32,2027-06,906.1953382236001,72211.83116,0.9061953382236001,72.21183116
32,2027-07,3193.5017119972003,23069.966903529417,3.1935017119972002,23.069966903529416
32,2027-08,1875.3684820860294,103424.75567265884,1.8753684820860295,103.42475567265883
32,2027-09,12951.675281581794,9253.617981176472,12.951675281581794,9.253617981176472
32,2027-10,6201.145898418001,44789.920000000006,6.201145898418001,44.78992
32,2027-11,6380.084883803571,39219.153834000004,6.380084883803571,39.219153834000004
32,2027-12,1459.0365146847296,176.69400000000002,1.4590365146847295,0.17669400000000002
32,2028-01,6054.565592285153,17271.858744,6.054565592285153,17.271858744
32,2028-02,5557.5695156228,211359.15098479998,5.5575695156228,211.35915098479998
32,2028-03,1184.7317049688002,139740.16644,1.1847317049688002,139.74016644
32,2028-04,5018.235782135936,99626.85599440002,5.018235782135935,99.62685599440002
32,2028-05,11948.588036897301,9888.203112941177,11.948588036897302,9.888203112941177
32,2028-06,3566.6274435075998,411.94448400000005,3.5666274435076,0.41194448400000006
32,2028-07,8232.799393119105,15556.645160000002,8.232799393119105,15.556645160000002
33,2024-01,7205.410010256443,607204.2699338235,7.2054100102564425,607.2042699338235
33,2024-02,9764.874143060637,90.1585,9.764874143060636,0.0901585
33,2024-03,5496.538269503823,26.523,5.496538269503823,0.026522999999999998
33,2024-04,4954.786959444324,673938.7063649999,4.9547869594443235,673.9387063649999
33,2024-05,2192.1433531354414,440680.07289,2.1921433531354415,440.68007289
33,2024-06,10621.512682409306,632764.358915,10.621512682409305,632.764358915
33,2024-07,2669.992469005353,143275.725885,2.669992469005353,143.27572588499999
33,2024-08,5186.1089496144,329276.56331,5.1861089496144,329.27656331
33,2024-09,12778.9210156318,870057.2051002941,12.7789210156318,870.0572051002941
33,2024-10,2279.2434306537,1413.18415,2.2792434306537004,1.41318415
33,2024-11,8338.817298399801,150859.966235,8.338817298399801,150.859966235
33,2024-12,774.0539646932353,67163.617,0.7740539646932354,67.163617
33,2025-01,3434.868820166506,220701.24355999997,3.434868820166506,220.70124355999997
33,2025-02,4058.7161347274823,296.1775,4.058716134727482,0.2961775
33,2025-03,4134.640912386177,242001.82353999998,4.1346409123861765,242.00182353999998
33,2025-04,5426.066680532388,0.0,5.426066680532388,0.0
33,2025-05,4729.847467613629,466490.34526,4.729847467613629,466.49034525999997
33,2025-06,2504.9278125877945,577737.01576,2.5049278125877943,577.73701576
33,2025-07,1558.8701325875293,79572.45381999998,1.5588701325875294,79.57245381999998
33,2025-08,8207.793733934,188192.35411000001,8.207793733934,188.19235411000003
33,2025-09,5928.581822425001,40457.08995,5.928581822425,40.457089950000004
33,2025-10,6876.071150163918,843011.5906735294,6.876071150163918,843.0115906735294
33,2025-11,1007.7571767210707,217900.921645,1.0077571767210707,217.90092164499998
33,2025-12,1545.7125209304118,180892.81650235297,1.5457125209304117,180.89281650235299
33,2026-01,2491.9051595499413,63697.42781029412,2.4919051595499413,63.697427810294116
33,2026-02,5072.49917250133,425424.90616,5.072499172501329,425.42490616000003
33,2026-03,2852.7906561381,77126.89388235295,2.8527906561381,77.12689388235295
33,2026-04,6245.4194268093,283649.479745,6.2454194268093,283.649479745
33,2026-05,4349.987199906671,599838.1961,4.349987199906671,599.8381960999999
33,2026-06,3252.9064627991647,244900.5906735294,3.2529064627991646,244.9005906735294
33,2026-07,21152.94306580638,40162.66214,21.15294306580638,40.16266214
33,2026-08,3721.6101872008003,208302.764695,3.7216101872008003,208.30276469499998
33,2026-09,7683.709145389895,1458086.97039,7.683709145389895,1458.0869703899998
33,2026-10,8055.074348038001,250163.06387500002,8.055074348038001,250.16306387500003
33,2026-11,979.0483002914707,253521.80905,0.9790483002914707,253.52180905
33,2026-12,3986.4873211819413,336.15700000000004,3.9864873211819414,0.33615700000000004
33,2027-01,1263.0637702972354,65917.23545000001,1.2630637702972354,65.91723545
33,2027-02,3934.9254086724354,142.17399999999998,3.9349254086724352,0.14217399999999997
33,2027-03,2420.8869190512,190419.51359,2.4208869190512,190.41951358999998
33,2027-04,2174.052736569,108187.0,2.174052736569,108.187
33,2027-05,3778.1926676924472,435898.89481411764,3.7781926676924473,435.8988948141176
33,2027-06,1226.9279617838354,194991.44079499997,1.2269279617838353,194.99144079499996
33,2027-07,2728.368815796118,105320.58820500002,2.728368815796118,105.32058820500002
33,2027-08,2992.3074891278357,339928.5746794118,2.992307489127836,339.9285746794118
33,2027-09,2482.2011776280237,33310.80266,2.4822011776280237,33.31080266
33,2027-10,10647.875446851329,1132699.259635,10.647875446851328,1132.699259635
33,2027-11,4181.620921364953,452725.461235,4.181620921364953,452.725461235
33,2027-12,6587.606476886494,247583.1811635294,6.587606476886495,247.5831811635294
33,2028-01,2050.5212966594004,1069.69205,2.0505212966594004,1.06969205
33,2028-02,4636.252193184977,97.487,4.636252193184977,0.09748699999999999
33,2028-03,2281.157044761636,1146534.2188100002,2.281157044761636,1146.5342188100003
33,2028-04,1065.9713594156588,102078.44505999998,1.0659713594156588,102.07844505999998
33,2028-05,5775.0788372125235,346699.99335,5.775078837212524,346.69999335
33,2028-06,1895.0077191011003,97606.65799500002,1.8950077191011003,97.60665799500002
33,2028-07,5012.840868183318,9519.2461,5.012840868183318,9.5192461
34,2024-01,8809.256980216447,35212.24288235295,8.809256980216448,35.212242882352946
34,2024-02,10866.271370775636,9269.91786,10.866271370775635,9.26991786
34,2024-03,3764.6524308208004,55436.31450280001,3.7646524308208003,55.43631450280001
34,2024-04,5816.717688101859,184376.34670428236,5.816717688101859,184.37634670428235
34,2024-05,6190.816770391701,9350.5599096,6.1908167703917005,9.350559909600001
34,2024-06,3969.4841974138235,36289.818320000006,3.9694841974138235,36.28981832000001
34,2024-07,1131.789044614812,19395.579946400005,1.131789044614812,19.395579946400005
34,2024-08,2582.3440841845177,85.16088,2.5823440841845176,0.08516088000000001
34,2024-09,3262.038170784,309.042048,3.2620381707840003,0.309042048
34,2024-10,1287.270662643647,12571.073004000002,1.287270662643647,12.571073004000002
34,2024-11,8286.384287386125,181339.86353280002,8.286384287386126,181.33986353280002
34,2024-12,247.980292635,4369.339548,0.24798029263500002,4.369339548
34,2025-01,7549.8291073438,169249.62376000002,7.5498291073438,169.24962376000002
34,2025-02,3580.060912836918,83403.63672760001,3.5800609128369176,83.4036367276
34,2025-03,2409.0397186436003,483476.00042790594,2.4090397186436,483.47600042790594
34,2025-04,2552.844996808812,47625.805136,2.5528449968088123,47.625805136000004
34,2025-05,1750.3165335114,227723.76900840004,1.7503165335114,227.72376900840004
34,2025-06,4741.3714716668355,28.63868,4.741371471666835,0.02863868
34,2025-07,2304.8585170285,197309.09182600002,2.3048585170285,197.309091826
34,2025-08,5364.658233813901,13813.777936000002,5.3646582338139,13.813777936000003
34,2025-09,8705.83603208514,43342.35192000001,8.705836032085141,43.342351920000006
34,2025-10,5806.938501396935,209727.12357520004,5.806938501396935,209.72712357520004
34,2025-11,7548.976892978183,278913.42794,7.548976892978183,278.91342794
34,2025-12,9911.209709546894,148879.20941764707,9.911209709546894,148.87920941764708
34,2026-01,4781.4546289913005,276808.69061160006,4.781454628991301,276.80869061160007
34,2026-02,4572.7619526292765,6524.29596,4.572761952629277,6.524295960000001
34,2026-03,5130.913436096177,437998.33722004713,5.1309134360961774,437.9983372200471
34,2026-04,5753.8547147933305,11536.396508000002,5.753854714793331,11.536396508000001
34,2026-05,2092.7765247815,155734.362168,2.0927765247815002,155.734362168
34,2026-06,6968.699506487883,197228.0723303059,6.968699506487883,197.2280723303059
34,2026-07,20491.264888733356,116040.88241727061,20.491264888733355,116.04088241727061
34,2026-08,5122.131794686583,143545.76866032943,5.122131794686583,143.54576866032943
34,2026-09,5593.7669092362,74306.5166368,5.593766909236201,74.30651663680001
34,2026-10,7195.651284417824,7.427560000000001,7.195651284417824,0.007427560000000001
34,2026-11,2081.164070527,226871.74033160004,2.081164070527,226.87174033160005
34,2026-12,7908.585722248001,36.85248000000001,7.9085857222480005,0.03685248000000001
34,2027-01,10351.478602703048,26293.4354816,10.351478602703049,26.293435481600003
34,2027-02,4185.158304779989,9774.110638352942,4.185158304779988,9.774110638352942
34,2027-03,11212.749754120872,342817.721092,11.212749754120873,342.817721092
34,2027-04,1463.0044532535412,401954.95710588247,1.4630044532535411,401.95495710588244
34,2027-05,11304.787695369947,101214.1819892,11.304787695369948,101.2141819892
34,2027-06,943.0810798134,24750.8966712,0.9430810798134001,24.7508966712
34,2027-07,22582.810693662403,24013.246874400003,22.582810693662402,24.013246874400004
34,2027-08,2731.6370538256,133246.1374496,2.7316370538256,133.2461374496
34,2027-09,11105.647779170471,145.40932,11.105647779170472,0.14540932
34,2027-10,16092.820123557507,178974.24083840006,16.09282012355751,178.97424083840005
34,2027-11,2571.1867540504354,208376.95112360004,2.5711867540504354,208.37695112360004
34,2027-12,1224.5991212908,11289.180425600001,1.2245991212908,11.289180425600001
34,2028-01,3666.1370604497884,594148.269806,3.6661370604497883,594.148269806
34,2028-02,2501.5693340503412,2.7664000000000004,2.501569334050341,0.0027664000000000005
34,2028-03,4936.833535083435,40674.10699520001,4.936833535083435,40.67410699520001
34,2028-04,764.309676888,128802.08704160001,0.764309676888,128.8020870416
34,2028-05,7322.689088000199,187413.1680531765,7.3226890880002,187.4131680531765
34,2028-06,4022.1503586879944,1814.4441000000002,4.022150358687995,1.8144441000000002
34,2028-07,760.5254696517648,123867.44908440001,0.7605254696517647,123.86744908440001
35,2024-01,5188.3266559236945,35119.1025,5.188326655923695,35.119102500000004
35,2024-02,1617.3614013378,37861.5691035,1.6173614013378002,37.861569103499995
35,2024-03,3397.141299229794,218539.990242,3.3971412992297942,218.539990242
35,2024-04,9476.914464174371,209023.01374050003,9.47691446417437,209.02301374050003
35,2024-05,4777.9500637444235,132706.79412617648,4.777950063744424,132.70679412617648
35,2024-06,12327.183803216001,12.1986,12.327183803216002,0.0121986
35,2024-07,15715.656582519967,19259.41203,15.715656582519967,19.25941203
35,2024-08,5231.030624006989,222149.14968600002,5.231030624006989,222.14914968600002
35,2024-09,9868.813657103801,35158.04252100001,9.868813657103802,35.15804252100001
35,2024-10,6512.121979697742,20603.24541,6.512121979697742,20.60324541
35,2024-11,3723.4229137094117,547901.1388755001,3.7234229137094115,547.9011388755
35,2024-12,3045.0406170250412,16934.49666,3.045040617025041,16.93449666
35,2025-01,6168.278856460601,748192.9129965,6.168278856460601,748.1929129965
35,2025-02,4623.7370822017,169190.0424,4.6237370822017,169.1900424
35,2025-03,11205.357121143377,124919.27734500001,11.205357121143377,124.91927734500001
35,2025-04,76.25438484600002,145911.72450255882,0.07625438484600003,145.91172450255883
35,2025-05,3666.5639819409885,735546.8449786765,3.6665639819409885,735.5468449786765
35,2025-06,4578.959266905,986119.0874685001,4.578959266905,986.1190874685001
35,2025-07,999.4900139266177,12405.567285000001,0.9994900139266177,12.405567285000002
35,2025-08,6966.522360049283,47744.189145000004,6.966522360049283,47.74418914500001
35,2025-09,5686.8157087666,241202.3915115,5.6868157087666,241.2023915115
35,2025-10,3746.9398492291,67435.61075100001,3.7469398492291,67.43561075100001
35,2025-11,12391.991916214494,139753.2888,12.391991916214494,139.7532888
35,2025-12,12316.343836556036,11249.371845000001,12.316343836556037,11.249371845
35,2026-01,5405.83654433253,4119.612345,5.40583654433253,4.119612344999999
35,2026-02,4302.88998555007,129.69585,4.30288998555007,0.12969585
35,2026-03,2135.8740006273765,20690.52824382353,2.1358740006273766,20.69052824382353
35,2026-04,2395.6222595702,42258.71989058824,2.3956222595702004,42.25871989058824
35,2026-05,6954.455443804001,401303.176515,6.954455443804001,401.303176515
35,2026-06,3090.3453581212,729134.4227985,3.0903453581212004,729.1344227985
35,2026-07,4972.109309715223,295537.49415000004,4.972109309715224,295.53749415000004
35,2026-08,10741.904126276202,145240.965963,10.741904126276202,145.240965963
35,2026-09,3352.3450187503413,234263.34180000002,3.3523450187503414,234.26334180000003
35,2026-10,11310.189364652666,15.613199999999999,11.310189364652667,0.015613199999999999
35,2026-11,10499.600718313171,33857.163500294126,10.499600718313172,33.85716350029413
35,2026-12,5881.352150617353,60550.89869117647,5.881352150617353,60.55089869117647
35,2027-01,3259.007310151806,1213901.5884435,3.259007310151806,1213.9015884435
35,2027-02,9807.697948430947,95104.967355,9.807697948430947,95.104967355
35,2027-03,18251.397105578708,152412.35346,18.251397105578707,152.41235346000002
35,2027-04,10401.034795339712,599445.181584,10.401034795339712,599.445181584
35,2027-05,2818.81373002963,1662205.7385,2.8188137300296296,1662.2057385
35,2027-06,4289.861804708353,11808.278100000001,4.2898618047083525,11.8082781
35,2027-07,4923.2136866126,21063.005118000005,4.9232136866126,21.063005118000003
35,2027-08,2897.4956247708,358311.3552945,2.8974956247708,358.3113552945
35,2027-09,1551.4846289841412,51189.13053529412,1.551484628984141,51.18913053529412
35,2027-10,5739.568717958341,311223.61267702945,5.739568717958341,311.22361267702945
35,2027-11,3420.486809972371,362161.170585,3.420486809972371,362.16117058500004
35,2027-12,8817.772472783688,18.9972,8.81777247278369,0.0189972
35,2028-01,6955.2560927591,86277.27696882353,6.9552560927591,86.27727696882353
35,2028-02,21040.544930105803,68658.905205,21.040544930105803,68.658905205
35,2028-03,9581.501969847977,672.157215,9.581501969847977,0.6721572149999999
35,2028-04,7900.023874948382,118705.24395,7.900023874948382,118.70524395000001
35,2028-05,5515.317338588001,155550.4023465,5.515317338588001,155.5504023465
35,2028-06,1307.0991615572,16938.075069,1.3070991615572,16.938075069
35,2028-07,1585.3243206307648,317508.1056910588,1.5853243206307648,317.5081056910588
36,2024-01,2906.4057500381296,22587.13912,2.9064057500381297,22.58713912
36,2024-02,3889.7795306028,97415.6183,3.8897795306028002,97.4156183
36,2024-03,9760.716330951976,55975.46079440001,9.760716330951977,55.97546079440001
36,2024-04,11365.535784240918,74997.44877520001,11.365535784240917,74.99744877520001
36,2024-05,5198.018799004735,68843.105842,5.1980187990047355,68.843105842
36,2024-06,12628.538465445208,107395.83049901178,12.628538465445208,107.39583049901178
36,2024-07,3838.18750764,25002.885196800005,3.8381875076400003,25.002885196800005
36,2024-08,14096.2828144648,474748.010425953,14.0962828144648,474.748010425953
36,2024-09,1946.9904706008,4933.789675294118,1.9469904706008,4.9337896752941175
36,2024-10,2683.8974460995,205720.00844541178,2.6838974460995,205.72000844541176
36,2024-11,4284.3027107167,93829.9523728,4.2843027107167,93.82995237280001
36,2024-12,2788.581301759753,105730.24094080001,2.788581301759753,105.73024094080002
36,2025-01,4058.703509511553,84.8078,4.058703509511553,0.0848078
36,2025-02,1962.0771023528,281259.40011120006,1.9620771023528,281.2594001112001
36,2025-03,4892.375055769436,72493.49568719999,4.892375055769436,72.4934956872
36,2025-04,2277.324055534,102894.32101200001,2.2773240555339997,102.89432101200002
36,2025-05,3346.1928518487002,692267.6959915294,3.3461928518487003,692.2676959915294
36,2025-06,3588.4481136334707,20769.819812,3.5884481136334707,20.769819812
36,2025-07,6975.740779471454,469273.72876440006,6.975740779471454,469.27372876440006
36,2025-08,8458.4442418771,34238.54294,8.4584442418771,34.23854294
36,2025-09,746.7404975102941,327894.1609692001,0.746740497510294,327.8941609692001
36,2025-10,1891.3109342550824,33785.1715964,1.8913109342550825,33.785171596400005
36,2025-11,6528.554685541154,71459.61504244707,6.528554685541154,71.45961504244707
36,2025-12,3560.185917627,33558.758643199995,3.560185917627,33.558758643199994
36,2026-01,1969.9111134372001,91.91784000000001,1.9699111134372,0.09191784000000001
36,2026-02,1061.4258492292943,88576.9917144,1.0614258492292943,88.57699171440001
36,2026-03,7206.368788074878,48166.92202560001,7.206368788074878,48.16692202560001
36,2026-04,3356.874505437059,475854.9520648001,3.356874505437059,475.8549520648001
36,2026-05,6706.506493450918,16274.364226400003,6.706506493450918,16.274364226400003
36,2026-06,6878.70265501746,43608.783630588245,6.8787026550174595,43.60878363058824
36,2026-07,8488.097985829347,92382.87251760002,8.488097985829347,92.38287251760002
36,2026-08,7478.067123043624,51994.505416000015,7.4780671230436235,51.99450541600002
36,2026-09,2943.4751913499413,61455.340217600016,2.943475191349941,61.45534021760002
36,2026-10,2078.3847388492,169956.23176,2.0783847388492,169.95623176
36,2026-11,7880.401925832494,479073.9940466118,7.880401925832494,479.0739940466118
36,2026-12,5140.538171807112,437559.7484244001,5.140538171807112,437.5597484244001
36,2027-01,6652.221041693953,123744.73283480002,6.652221041693953,123.74473283480002
36,2027-02,2284.8925974964,65.90052000000001,2.2848925974964,0.06590052000000002
36,2027-03,4732.373429899071,452720.76472000004,4.732373429899071,452.72076472000003
36,2027-04,1345.4236635775999,152926.05937,1.3454236635775998,152.92605937
36,2027-05,3018.6285516420826,25993.6052376,3.0186285516420828,25.9936052376
36,2027-06,7254.221512760412,23124.438153600004,7.254221512760412,23.124438153600003
36,2027-07,13616.2432843116,52.881640000000004,13.6162432843116,0.05288164000000001
36,2027-08,1173.5615793727059,26.395880000000002,1.1735615793727059,0.026395880000000004
36,2027-09,1687.354128577553,19791.15684,1.6873541285775528,19.79115684
36,2027-10,7538.137594767907,6971.699112000001,7.538137594767907,6.971699112000001
36,2027-11,3744.885612960971,25617.4219196,3.744885612960971,25.6174219196
36,2027-12,3700.5918917443,65126.962320000006,3.7005918917443,65.12696232
36,2028-01,4141.3399440479825,199038.35813778825,4.141339944047982,199.03835813778826
36,2028-02,7880.276156602206,30654.17478117647,7.880276156602206,30.65417478117647
36,2028-03,3049.957199052,9513.3881024,3.049957199052,9.5133881024
36,2028-04,3744.8076774635,874.1579840000002,3.7448076774635,0.8741579840000002
36,2028-05,5641.3353392297,21650.474784235295,5.6413353392297,21.650474784235296
36,2028-06,5393.103652299435,39303.3626832,5.393103652299436,39.3033626832
36,2028-07,4891.833656975201,250.58376000000004,4.891833656975201,0.25058376000000004
37,2024-01,4720.638752991765,65105.05267647059,4.720638752991765,65.10505267647059
37,2024-02,4010.0547101661414,78300.847175,4.010054710166141,78.300847175
37,2024-03,8160.0133947248005,340295.2297429412,8.1600133947248,340.2952297429412
37,2024-04,2820.5939603828,43581.83402,2.8205939603828,43.58183402
37,2024-05,2778.2974839658823,31766.725969999996,2.7782974839658823,31.766725969999996
37,2024-06,8550.545375419319,357750.739325,8.550545375419318,357.750739325
37,2024-07,5191.7282913737,339781.6706764706,5.1917282913737,339.78167067647064
37,2024-08,4251.236702313,942656.0402058824,4.251236702313,942.6560402058824
37,2024-09,1849.4784720072,69911.65869,1.8494784720072,69.91165869
37,2024-10,8824.70635003091,106321.81945,8.82470635003091,106.32181944999999
37,2024-11,13333.791677147425,772029.5233461765,13.333791677147424,772.0295233461765
37,2024-12,1543.4545213263236,127201.8905,1.5434545213263235,127.20189049999999
37,2025-01,8405.347207039118,325312.5512,8.405347207039117,325.3125512
37,2025-02,1687.1828350224,44237.136589999995,1.6871828350224,44.23713658999999
37,2025-03,6636.739619387659,18023.8605,6.63673961938766,18.023860499999998
37,2025-04,12983.607231105601,31809.095760000004,12.983607231105601,31.809095760000005
37,2025-05,3504.1742903980003,71825.46099117647,3.504174290398,71.82546099117647
37,2025-06,9470.314896417824,432704.2866894118,9.470314896417824,432.7042866894118
37,2025-07,4011.5255297618,83462.04520000001,4.0115255297618,83.4620452
37,2025-08,1598.0493569180824,628157.29464,1.5980493569180825,628.15729464
37,2025-09,11897.031998517035,301315.9908370588,11.897031998517035,301.3159908370588
37,2025-10,2181.340464666353,3918.58525,2.181340464666353,3.91858525
37,2025-11,1476.2597643496472,8510.89965,1.4762597643496471,8.510899649999999
37,2025-12,7265.340962134765,499.35425,7.265340962134765,0.49935425
37,2026-01,9711.803719941901,515969.601555,9.711803719941901,515.969601555
37,2026-02,3247.9885427117238,23939.2195,3.247988542711724,23.9392195
37,2026-03,11278.431987231654,14576.2665,11.278431987231654,14.5762665
37,2026-04,4645.867535898941,382204.55064,4.645867535898941,382.20455064
37,2026-05,3267.320069301965,329106.446505,3.267320069301965,329.106446505
37,2026-06,6670.425899601406,196044.952445,6.670425899601406,196.044952445
37,2026-07,2674.7621401472825,48035.782999999996,2.6747621401472825,48.035782999999995
37,2026-08,3003.2290883320593,202417.344225,3.003229088332059,202.41734422500002
37,2026-09,4131.510650137718,322625.879825,4.1315106501377175,322.625879825
37,2026-10,30749.546467359327,267194.81544,30.749546467359327,267.19481543999996
37,2026-11,1630.568303681,448496.585675,1.6305683036810001,448.496585675
37,2026-12,980.5655640360001,668395.77294,0.980565564036,668.39577294
37,2027-01,15894.558897525385,281246.12137,15.894558897525386,281.24612137
37,2027-02,5425.2141048594885,143325.8535,5.425214104859489,143.3258535
37,2027-03,2797.2894598954117,29899.545599999998,2.7972894598954117,29.899545599999996
37,2027-04,5348.247432646106,81207.99916676471,5.348247432646106,81.20799916676471
37,2027-05,12257.482245621002,101798.57682,12.257482245621002,101.79857682000001
37,2027-06,392.653203162,203377.22900500003,0.39265320316200003,203.37722900500003
37,2027-07,2134.6748696242353,19761.5,2.1346748696242352,19.7615
37,2027-08,13476.107230824999,140.622,13.476107230824999,0.14062200000000002
37,2027-09,2237.0242639788003,84336.01444117646,2.2370242639788,84.33601444117646
37,2027-10,4580.9768675442,29569.286,4.5809768675442,29.569286
37,2027-11,6759.448774283401,1638.9541,6.759448774283401,1.6389540999999999
37,2027-12,1852.6981505843767,58.7001,1.8526981505843767,0.0587001
37,2028-01,4392.3060479802,65641.49085294118,4.3923060479802,65.64149085294117
37,2028-02,1860.5581557063,156547.84781000004,1.8605581557063,156.54784781000004
37,2028-03,1985.6234788025004,522.4015,1.9856234788025005,0.5224015000000001
37,2028-04,5757.996025467,101.542,5.757996025467,0.10154200000000001
37,2028-05,1726.172478713,4465.433650000001,1.726172478713,4.4654336500000005
37,2028-06,800.2852671028,15204.88548,0.8002852671028,15.204885480000002
37,2028-07,11134.136391830942,373943.16816,11.13413639183094,373.94316816
38,2024-01,5529.0729671422,34147.043,5.529072967142199,34.147043
38,2024-02,6698.008659685201,111128.20815382354,6.6980086596852,111.12820815382354
38,2024-03,9546.153368553987,56106.575764705885,9.546153368553988,56.10657576470589
38,2024-04,15099.379661974355,109816.41176470587,15.099379661974355,109.81641176470588
38,2024-05,2101.2127679696,53095.15189500001,2.1012127679696,53.09515189500001
38,2024-06,6760.163119760778,102203.16147352941,6.760163119760778,102.20316147352942
38,2024-07,4303.905597051729,8608.823529411766,4.303905597051729,8.608823529411765
38,2024-08,3278.1464956458353,26398.2659,3.2781464956458355,26.3982659
38,2024-09,1605.4460323512,366896.19889000006,1.6054460323512,366.89619889000005
38,2024-10,1545.8914013732,134211.70720499998,1.5458914013732001,134.21170720499998
38,2024-11,2013.989632944706,78125.45859,2.013989632944706,78.12545859
38,2024-12,4021.5478018879353,63075.057356764715,4.021547801887936,63.07505735676472
38,2025-01,440.26221952040004,172769.013,0.4402622195204,172.769013
38,2025-02,2261.040082218906,100235.33608529413,2.261040082218906,100.23533608529412
38,2025-03,1105.3185065852294,101097.78553352942,1.1053185065852293,101.09778553352942
38,2025-04,5595.190455551188,3915.34855882353,5.595190455551188,3.91534855882353
38,2025-05,7471.636628586801,1927.6462,7.4716366285868006,1.9276461999999999
38,2025-06,14089.416428440989,299186.88551,14.08941642844099,299.18688550999997
38,2025-07,2912.9457825730356,157734.15461764706,2.9129457825730354,157.73415461764705
38,2025-08,6883.915667304283,350225.114345,6.883915667304283,350.225114345
38,2025-09,1981.6244195824002,4461.940073529412,1.9816244195824002,4.461940073529412
38,2025-10,12228.624356694352,847448.819515,12.228624356694352,847.448819515
38,2025-11,2060.0410788125,448.15414999999996,2.0600410788125,0.44815415
38,2025-12,4383.514843604553,282774.2591882353,4.383514843604553,282.77425918823525
38,2026-01,12826.69387422614,407669.14357500005,12.826693874226141,407.6691435750001
38,2026-02,1643.9754976356705,240696.335825,1.6439754976356706,240.69633582499998
38,2026-03,7238.7794703978825,135611.371225,7.2387794703978825,135.611371225
38,2026-04,6531.03849616,97963.03536529413,6.53103849616,97.96303536529413
38,2026-05,868.5439115388235,256971.08522500002,0.8685439115388235,256.971085225
38,2026-06,1255.90165709,137142.96754117648,1.2559016570900001,137.1429675411765
38,2026-07,9249.55349312899,41494.066360000004,9.249553493128989,41.494066360000005
38,2026-08,2860.4268735248,49935.133499999996,2.8604268735248,49.9351335
38,2026-09,11116.483591124754,180692.69128941174,11.116483591124753,180.69269128941175
38,2026-10,3672.4432801485646,32684.249334999997,3.6724432801485647,32.684249335
38,2026-11,5075.703859723277,27957.0,5.075703859723276,27.957
38,2026-12,24549.364313212456,635128.153465,24.549364313212457,635.128153465
38,2027-01,7185.597564422765,1751994.51727,7.185597564422765,1751.99451727
38,2027-02,1617.0593391485295,2595.60365,1.6170593391485295,2.59560365
38,2027-03,3239.2034001964003,25566.569099999997,3.2392034001964003,25.566569099999995
38,2027-04,15855.023854330271,206804.81303000002,15.855023854330272,206.80481303000002
38,2027-05,1475.223096732565,690404.0430323529,1.475223096732565,690.4040430323529
38,2027-06,4960.9992277141,36143.23893176471,4.9609992277141,36.143238931764714
38,2027-07,5407.435549228142,176483.11307264704,5.407435549228142,176.48311307264706
38,2027-08,3712.933623639447,72786.0,3.712933623639447,72.786
38,2027-09,2016.429940618306,60193.33935,2.016429940618306,60.19333935
38,2027-10,6875.7506877785,336469.00591,6.8757506877785,336.46900591
38,2027-11,5255.2192992130995,72308.41368823529,5.255219299213099,72.30841368823529
38,2027-12,2881.3210003835056,1604.17515,2.8813210003835055,1.60417515
38,2028-01,4412.586771337,18000.920100000003,4.412586771337,18.000920100000002
38,2028-02,6980.058042485065,187178.15522323528,6.980058042485065,187.17815522323528
38,2028-03,11987.8533015602,272570.27334,11.9878533015602,272.57027334
38,2028-04,6565.8446259126,195748.0233714706,6.5658446259126,195.7480233714706
38,2028-05,6593.000127540829,30174.144600000003,6.593000127540829,30.1741446
38,2028-06,4352.4924271049,274399.26474588236,4.352492427104901,274.39926474588236
38,2028-07,3800.3152670226705,215082.7287,3.8003152670226705,215.08272870000002
39,2024-01,2182.1405667702,270105.46878,2.1821405667702,270.10546878
39,2024-02,3488.7933366261886,115828.66620656471,3.4887933366261885,115.8286662065647
39,2024-03,1276.1033110483766,131259.73721279998,1.2761033110483766,131.2597372128
39,2024-04,2296.102084349694,135634.24707420004,2.296102084349694,135.63424707420003
39,2024-05,7751.539688907859,362323.1917368,7.751539688907859,362.3231917368
39,2024-06,6487.3624862236,504616.67669156473,6.4873624862236,504.61667669156475
39,2024-07,8957.778675589201,521771.0667204,8.957778675589202,521.7710667204
39,2024-08,6161.558930542695,120686.51183820001,6.161558930542695,120.6865118382
39,2024-09,944.3835316466353,226793.3292744,0.9443835316466354,226.79332927439998
39,2024-10,6830.0027642804,108995.55519843531,6.8300027642804,108.99555519843531
39,2024-11,4670.658600409289,459878.4016512,4.670658600409289,459.8784016512
39,2024-12,7022.981377932095,874764.5419883999,7.022981377932095,874.7645419884
39,2025-01,2060.0087984654824,97.54751999999999,2.0600087984654825,0.09754751999999998
39,2025-02,3623.6852221601175,175226.18045174118,3.6236852221601175,175.2261804517412
39,2025-03,6539.7406436777355,387164.440236,6.539740643677735,387.164440236
39,2025-04,9887.221144369647,172813.36762941175,9.887221144369647,172.81336762941174
39,2025-05,11743.112886225741,112897.85136,11.743112886225742,112.89785136
39,2025-06,3714.8945541597063,83091.93088164706,3.7148945541597063,83.09193088164706
39,2025-07,3775.1853118632,383316.19932479993,3.7751853118631997,383.3161993247999
39,2025-08,9731.3946501876,85281.9987768,9.7313946501876,85.2819987768
39,2025-09,2148.450164269741,247358.80130219998,2.148450164269741,247.3588013022
39,2025-10,4620.9499248218945,67247.5132476,4.620949924821894,67.2475132476
39,2025-11,1451.6295866492942,817879.0236791999,1.451629586649294,817.8790236791999
39,2025-12,4703.286474694194,141354.1621350353,4.7032864746941945,141.3541621350353
39,2026-01,5300.883633626636,72.73559999999999,5.300883633626636,0.0727356
39,2026-02,1175.3296249361765,139548.30170202354,1.1753296249361764,139.54830170202354
39,2026-03,11646.93236657856,336254.831472,11.64693236657856,336.254831472
39,2026-04,2350.933900632565,250189.6842438,2.350933900632565,250.1896842438
39,2026-05,7312.667534738201,140726.6754847059,7.312667534738201,140.72667548470588
39,2026-06,5840.876921063288,758.0286,5.8408769210632885,0.7580285999999999
39,2026-07,4122.6825251182,270241.84459168237,4.1226825251182,270.24184459168237
39,2026-08,11109.237741890429,54720.631896,11.109237741890428,54.720631896
39,2026-09,4428.2057815072,55965.8829828,4.4282057815072005,55.965882982800004
39,2026-10,1764.6501196834824,40678.6007922,1.7646501196834825,40.6786007922
39,2026-11,6014.992721607047,182449.8307464,6.014992721607047,182.44983074639998
39,2026-12,8566.219989208177,118977.92540117649,8.566219989208177,118.97792540117649
39,2027-01,11234.037828050394,74612.43063540001,11.234037828050393,74.61243063540002
39,2027-02,9323.651007732082,60095.38936305883,9.323651007732082,60.09538936305883
39,2027-03,11275.434642148442,496241.173638,11.275434642148442,496.24117363799996
39,2027-04,4029.475388151065,17729.841432635294,4.029475388151065,17.729841432635293
39,2027-05,5766.951202245588,31272.671727458823,5.766951202245588,31.27267172745882
39,2027-06,4262.846059098,81447.12753240002,4.262846059098,81.44712753240002
39,2027-07,6191.3071297912065,677695.6903878,6.191307129791206,677.6956903878
39,2027-08,1200.6034253582354,476548.253685,1.2006034253582354,476.548253685
39,2027-09,9154.399920354695,335294.5406118,9.154399920354695,335.29454061179996
39,2027-10,2722.770009187047,117213.004188,2.722770009187047,117.213004188
39,2027-11,5553.545219490601,373585.90844399994,5.553545219490601,373.5859084439999
39,2027-12,2949.226452786912,646.0423199999999,2.949226452786912,0.64604232
39,2028-01,7090.422333312541,22795.911979482353,7.090422333312541,22.79591197948235
39,2028-02,6463.996288635894,194425.434252,6.463996288635895,194.425434252
39,2028-03,3183.7866753612,55552.84694400001,3.1837866753612003,55.55284694400001
39,2028-04,3953.092970478177,488169.03145499993,3.953092970478177,488.1690314549999
39,2028-05,3008.9726560606,6446.70642,3.0089726560606,6.446706420000001
39,2028-06,11719.8436454765,49195.801926600005,11.7198436454765,49.195801926600005
39,2028-07,2546.1843182576117,263365.18158077647,2.5461843182576116,263.3651815807765
40,2024-01,9215.90059493606,38006.71414705882,9.215900594936059,38.006714147058815
40,2024-02,2125.6352959242176,45708.15772,2.1256352959242175,45.70815772
40,2024-03,7191.896586066436,378338.776425,7.191896586066436,378.338776425
40,2024-04,5523.7393165164,370903.9976185294,5.523739316516401,370.90399761852944
40,2024-05,1444.0997653122,81239.0065,1.4440997653121999,81.2390065
40,2024-06,3687.0456638324063,255612.62342999998,3.6870456638324063,255.61262342999999
40,2024-07,8164.630662322,393284.52895999997,8.164630662322,393.28452896
40,2024-08,1500.165196724647,321531.04432,1.5001651967246472,321.53104432
40,2024-09,6022.7570604718,32395.557,6.0227570604718,32.395557000000004
40,2024-10,3664.255064830477,24204.5035,3.664255064830477,24.204503499999998
40,2024-11,2260.6607055962,11777.8939,2.2606607055962,11.777893899999999
40,2024-12,12348.168556272201,1109657.3135,12.348168556272201,1109.6573134999999
40,2025-01,18917.131813870612,167601.68386999998,18.91713181387061,167.60168387
40,2025-02,5375.695041586559,44347.5294,5.3756950415865585,44.3475294
40,2025-03,11741.14157492013,131864.23967176472,11.74114157492013,131.86423967176472
40,2025-04,8485.98239421684,1472744.893585,8.48598239421684,1472.744893585
40,2025-05,751.470991380953,1363424.6614411767,0.751470991380953,1363.4246614411766
40,2025-06,9421.978528898242,50403.06624000001,9.421978528898242,50.40306624000001
40,2025-07,3565.0446020226,308654.24824999995,3.5650446020226,308.65424824999997
40,2025-08,648.3279333932,64.089,0.6483279333932,0.064089
40,2025-09,3621.6740463524,158354.53100000002,3.6216740463524,158.354531
40,2025-10,8802.017752301612,90570.37164705883,8.802017752301612,90.57037164705882
40,2025-11,3963.4158493198825,57514.528,3.9634158493198823,57.514528
40,2025-12,9017.8916844206,189954.720875,9.017891684420599,189.954720875
40,2026-01,7402.466510657365,197030.053305,7.402466510657365,197.030053305
40,2026-02,8217.716950194917,1156.57585,8.217716950194918,1.1565758499999998
40,2026-03,2503.500432251541,23226.651380000003,2.503500432251541,23.226651380000003
40,2026-04,2828.6419531726237,75014.3893,2.8286419531726237,75.01438929999999
40,2026-05,2345.7665205484823,202.316,2.3457665205484823,0.202316
40,2026-06,4534.432786066576,24804.354379999997,4.534432786066576,24.804354379999996
40,2026-07,5396.573546612165,56355.03345000001,5.396573546612165,56.35503345000001
40,2026-08,6465.420462783036,652233.097065,6.465420462783036,652.2330970649999
40,2026-09,3195.6979244632003,321757.49413,3.1956979244632002,321.75749413
40,2026-10,3067.6941149373883,280240.48195088236,3.0676941149373884,280.2404819508824
40,2026-11,12699.949470965435,237303.64848,12.699949470965436,237.30364848
40,2026-12,1828.4383663416,150205.7015,1.8284383663416,150.2057015
40,2027-01,3655.4310170107356,154339.31230117648,3.6554310170107356,154.33931230117648
40,2027-02,5898.764426291754,49699.139,5.898764426291754,49.699139
40,2027-03,3590.135833617494,58971.606999999996,3.5901358336174938,58.971607
40,2027-04,1321.593424999906,1049400.8453952943,1.321593424999906,1049.4008453952943
40,2027-05,5005.973822525312,78313.81633999999,5.005973822525312,78.31381633999999
40,2027-06,4200.5910089975005,136947.09296,4.200591008997501,136.94709296000002
40,2027-07,4445.1736108318,1413380.3518,4.4451736108318,1413.3803518
40,2027-08,8368.324470808508,163960.02946999998,8.368324470808508,163.96002946999997
40,2027-09,4920.088937391601,368592.16587,4.920088937391601,368.59216587000003
40,2027-10,1973.6994876967883,70140.747,1.9736994876967884,70.140747
40,2027-11,8295.8463602247,107973.482665,8.295846360224699,107.973482665
40,2027-12,3167.950238382706,352348.45468088234,3.1679502383827063,352.34845468088236
40,2028-01,6363.820601674301,319763.892345,6.3638206016743,319.763892345
40,2028-02,1267.5239053386765,58116.57559,1.2675239053386764,58.116575590000004
40,2028-03,4672.308519360053,810597.8901300001,4.672308519360053,810.5978901300001
40,2028-04,3482.9610001092,349583.7812423529,3.4829610001092,349.5837812423529
40,2028-05,762.5536571822942,768950.4538400001,0.7625536571822942,768.9504538400001
40,2028-06,731.9689758681766,78734.69968,0.7319689758681766,78.73469968
40,2028-07,1511.5877927139,57731.044329411765,1.5115877927138999,57.731044329411766
41,2024-01,6882.797642315601,50024.419676000005,6.882797642315601,50.02441967600001
41,2024-02,5863.838523447094,22065.476365882354,5.863838523447094,22.065476365882354
41,2024-03,3561.8749901621295,64083.00182858824,3.5618749901621296,64.08300182858824
41,2024-04,4567.0519913392,274.688904,4.5670519913392,0.27468890399999996
41,2024-05,3266.177490616947,23603.70352941177,3.266177490616947,23.60370352941177
41,2024-06,2640.2246301846235,149618.9338504,2.6402246301846235,149.6189338504
41,2024-07,8512.199672585148,47992.78724800001,8.512199672585147,47.992787248000006
41,2024-08,5379.244295249293,120588.17666560001,5.3792442952492925,120.58817666560002
41,2024-09,2154.976877831259,240656.41152,2.1549768778312592,240.65641152
41,2024-10,11184.098674824712,70799.08928960002,11.184098674824712,70.79908928960002
41,2024-11,1401.5916645915295,2111760.2175432006,1.4015916645915294,2111.7602175432007
41,2024-12,3078.383526919712,328.60912,3.078383526919712,0.32860912000000003
41,2025-01,2505.4850505873997,233261.72778160003,2.5054850505874,233.26172778160003
41,2025-02,4325.205826701442,350402.15590240003,4.325205826701442,350.4021559024
41,2025-03,6046.996290546001,193409.70551840003,6.046996290546001,193.40970551840005
41,2025-04,4856.0244925206,81003.4064056,4.8560244925206,81.0034064056
41,2025-05,6578.683204561912,175078.71294117652,6.578683204561912,175.07871294117652
41,2025-06,2289.1553282920236,118548.87828131765,2.2891553282920234,118.54887828131766
41,2025-07,5372.929962747141,38142.75529070589,5.372929962747141,38.14275529070589
41,2025-08,7113.008324785654,44.62332000000001,7.113008324785654,0.04462332000000001
41,2025-09,9235.080728990006,40000.232994399994,9.235080728990006,40.000232994399994
41,2025-10,4474.9380628253175,5372.240160000001,4.474938062825317,5.372240160000001
41,2025-11,2873.8109891444,266979.46796080004,2.8738109891444,266.97946796080004
41,2025-12,6051.540409604589,65340.18290240001,6.051540409604589,65.34018290240002
41,2026-01,6035.614702868454,56277.663316000006,6.035614702868454,56.27766331600001
41,2026-02,3360.7874487858944,5683.594840000001,3.3607874487858944,5.6835948400000005
41,2026-03,4380.4531040253005,75568.25897600001,4.3804531040253005,75.56825897600001
41,2026-04,5891.988335237401,630318.0475101178,5.891988335237401,630.3180475101177
41,2026-05,3673.9928435812235,75.71508000000001,3.6739928435812237,0.07571508000000002
41,2026-06,4047.3647665686,25677.014328000005,4.0473647665686,25.677014328000006
41,2026-07,3241.2526191935294,222018.76570160003,3.2412526191935296,222.01876570160002
41,2026-08,5892.173698356801,14446.11224,5.8921736983568005,14.44611224
41,2026-09,4021.9272377071,115.03212,4.0219272377071,0.11503212
41,2026-10,5980.246755508278,89524.381744,5.9802467555082774,89.524381744
41,2026-11,4831.283388275695,327674.9282747294,4.831283388275695,327.6749282747294
41,2026-12,3992.6336323028,21090.779145882356,3.9926336323028,21.090779145882355
41,2027-01,5612.76189810846,18349.615891764708,5.6127618981084595,18.349615891764707
41,2027-02,7086.081852968636,678080.4861600001,7.086081852968635,678.0804861600001
41,2027-03,4600.652805248012,225785.90340320003,4.600652805248012,225.78590340320002
41,2027-04,2750.1224674902,45771.29116494118,2.7501224674902,45.77129116494118
41,2027-05,4090.353508242659,97468.8066268,4.090353508242659,97.4688066268
41,2027-06,5066.2886965432945,669650.0284985412,5.066288696543294,669.6500284985412
41,2027-07,5525.995789395999,91508.6413976,5.525995789395999,91.5086413976
41,2027-08,4147.067499387177,64128.2934544,4.147067499387177,64.12829345440001
41,2027-09,6475.3563046299005,188732.7206198824,6.4753563046299005,188.7327206198824
41,2027-10,4240.2018900041,38434.42753261177,4.2402018900041005,38.43442753261177
41,2027-11,3670.477977426653,278793.4724386824,3.670477977426653,278.7934724386824
41,2027-12,2944.6024985268236,26734.876021082357,2.9446024985268235,26.734876021082357
41,2028-01,2529.9586683374237,53640.011880000005,2.5299586683374238,53.64001188
41,2028-02,6438.1672071538005,62563.2291032,6.438167207153801,62.5632291032
41,2028-03,3742.0831511603533,39131.46981240001,3.742083151160353,39.13146981240001
41,2028-04,3314.6633849475,26270.666954000004,3.3146633849475,26.270666954000003
41,2028-05,5749.379593097977,186367.24893640005,5.749379593097977,186.36724893640005
41,2028-06,1217.0257643084472,305374.9928632942,1.2170257643084472,305.3749928632942
41,2028-07,13331.614877026517,165813.62927080004,13.331614877026517,165.81362927080005
42,2024-01,4316.356182912001,105614.107764,4.316356182912001,105.614107764
42,2024-02,3811.0557210211296,620903.8701638236,3.8110557210211295,620.9038701638236
42,2024-03,8735.941310924301,24912.681299000003,8.735941310924302,24.912681299000003
42,2024-04,3330.39472553393,291.74255000000005,3.33039472553393,0.29174255000000004
42,2024-05,3095.3928986300884,100189.82312900001,3.0953928986300885,100.18982312900002
42,2024-06,2493.8091566138705,354486.87767899997,2.4938091566138705,354.486877679
42,2024-07,3435.122844411071,166.67145000000002,3.435122844411071,0.16667145000000003
42,2024-08,2374.5283786526,43271.47035588236,2.3745283786526,43.27147035588236
42,2024-09,3035.523245470965,49782.049900000005,3.035523245470965,49.782049900000004
42,2024-10,5327.848103934106,16451.868950000004,5.327848103934106,16.451868950000005
42,2024-11,10579.066851076801,395927.3734437353,10.579066851076801,395.9273734437353
42,2024-12,3771.0019201967416,105252.62865700001,3.7710019201967415,105.252628657
42,2025-01,1552.4074677279411,99424.2623,1.5524074677279411,99.4242623
42,2025-02,7871.717497398577,63340.98749,7.871717497398577,63.340987489999996
42,2025-03,5810.278657901648,287543.50542500004,5.810278657901648,287.54350542500003
42,2025-04,12931.265892155601,70435.20830500001,12.9312658921556,70.435208305
42,2025-05,6780.534442723353,278522.25428952946,6.780534442723353,278.5222542895295
42,2025-06,7355.503537713601,524800.3246585,7.355503537713601,524.8003246585
42,2025-07,3590.3862450665,422821.57101250003,3.5903862450665,422.82157101250004
42,2025-08,10900.3627244206,182673.7308715,10.9003627244206,182.6737308715
42,2025-09,2041.7808171281647,179811.715028,2.041780817128165,179.811715028
42,2025-10,7669.181849198612,35293.216651,7.669181849198612,35.293216651
42,2025-11,9792.121520353929,70169.40762150001,9.792121520353929,70.16940762150001
42,2025-12,7618.0407350803,605278.4084276471,7.618040735080299,605.278408427647
42,2026-01,8683.606058372212,71828.6866,8.683606058372211,71.8286866
42,2026-02,2573.733780735106,79.8798,2.5737337807351057,0.0798798
42,2026-03,5450.761801892224,173679.027808,5.450761801892224,173.679027808
42,2026-04,5635.534678672071,132618.53217800002,5.635534678672071,132.618532178
42,2026-05,2136.6602169561647,220423.60517650002,2.1366602169561646,220.42360517650002
42,2026-06,4396.9571140554,193746.53690020592,4.3969571140554,193.7465369002059
42,2026-07,4383.344115682741,30173.399397058827,4.383344115682741,30.173399397058827
42,2026-08,706.3090153080001,6106.992650000001,0.706309015308,6.106992650000001
42,2026-09,6852.437131128753,81248.15206200001,6.852437131128753,81.248152062
42,2026-10,2000.8726036311998,69853.13622649999,2.0008726036312,69.8531362265
42,2026-11,1569.5015211348,61584.33325,1.5695015211348,61.58433325
42,2026-12,6922.845754186401,88064.448934,6.922845754186401,88.064448934
42,2027-01,1039.3243939153942,282676.55388500006,1.0393243939153942,282.67655388500003
42,2027-02,5583.3517938301475,2656122.871242501,5.583351793830148,2656.122871242501
42,2027-03,11521.0020697184,143493.667075,11.521002069718401,143.49366707500002
42,2027-04,5745.910621158259,281311.333303,5.745910621158259,281.311333303
42,2027-05,13445.299618969702,394984.52364800003,13.445299618969702,394.98452364800005
42,2027-06,1978.8044054784002,102375.18762058824,1.9788044054784002,102.37518762058825
42,2027-07,29107.665249197962,2445773.2140435004,29.10766524919796,2445.7732140435005
42,2027-08,6360.3649656977,136795.01107250003,6.3603649656977,136.79501107250002
42,2027-09,3970.443611252147,59775.784860000014,3.970443611252147,59.775784860000016
42,2027-10,4783.543262283601,149207.220393,4.783543262283601,149.207220393
42,2027-11,5415.534849461118,437650.53237400006,5.415534849461118,437.6505323740001
42,2027-12,5651.0301378694,100805.75067750001,5.6510301378694,100.8057506775
42,2028-01,2518.389756752188,386442.8282275,2.518389756752188,386.4428282275
42,2028-02,5436.203510033718,594173.2644155001,5.436203510033718,594.1732644155001
42,2028-03,4980.43670459813,188873.89760800003,4.98043670459813,188.87389760800002
42,2028-04,1342.9392982003765,15720.619563,1.3429392982003765,15.720619563
42,2028-05,3059.9758925084,18.64995,3.0599758925084,0.018649950000000002
42,2028-06,1717.6075710115,27545.006038000003,1.7176075710115002,27.545006038000004
42,2028-07,2726.6412999648,202252.74168000004,2.7266412999648,202.25274168000004
43,2024-01,2963.087220602853,40410.711198000005,2.963087220602853,40.410711198
43,2024-02,7809.380135725,43618.573746,7.809380135725,43.618573746
43,2024-03,8944.569806899377,410202.9876527647,8.944569806899377,410.2029876527647
43,2024-04,8959.028402203649,74291.2546264706,8.959028402203648,74.2912546264706
43,2024-05,6099.203640158218,2358779.0176532357,6.099203640158218,2358.7790176532358
43,2024-06,3420.507534712953,177316.1148569412,3.420507534712953,177.3161148569412
43,2024-07,7229.549422488306,159720.3569115,7.229549422488306,159.7203569115
43,2024-08,4628.958721865765,1335889.2108595,4.628958721865765,1335.8892108595
43,2024-09,4179.977768208236,43361.179224,4.179977768208236,43.361179224
43,2024-10,6088.0256022366,249.73905000000002,6.0880256022366,0.24973905000000002
43,2024-11,8081.884416301601,162954.1800784118,8.081884416301602,162.95418007841178
43,2024-12,7673.997169501547,16892.284695000002,7.673997169501548,16.892284695
43,2025-01,1708.7914424785001,126768.67376250001,1.7087914424785002,126.76867376250001
43,2025-02,3656.8498075551706,423748.08913800016,3.6568498075551705,423.7480891380002
43,2025-03,10514.588362064684,172817.3692795,10.514588362064684,172.8173692795
43,2025-04,1017.1360486275001,379574.1233515,1.0171360486275,379.5741233515
43,2025-05,9169.6549364396,1067.71071,9.1696549364396,1.06771071
43,2025-06,1859.6185013795648,194553.41084300002,1.8596185013795647,194.55341084300002
43,2025-07,2773.946736514294,15541.081567000003,2.773946736514294,15.541081567000003
43,2025-08,2664.750848318606,26243.3743,2.664750848318606,26.2433743
43,2025-09,9622.599437050496,238275.73593029415,9.622599437050496,238.27573593029416
43,2025-10,1155.663821549465,173009.38080929418,1.155663821549465,173.00938080929419
43,2025-11,10400.125473786002,99387.54481764707,10.400125473786002,99.38754481764707
43,2025-12,1463.4957882736,49181.806300000004,1.4634957882736002,49.181806300000005
43,2026-01,3073.580529592059,278296.00233600003,3.073580529592059,278.296002336
43,2026-02,3943.5680933422004,86167.73289300001,3.9435680933422006,86.16773289300001
43,2026-03,9311.300263864341,60457.39733905882,9.311300263864341,60.45739733905882
43,2026-04,7709.317793825201,115086.74652200002,7.709317793825201,115.08674652200001
43,2026-05,1667.443227104006,22459.27673,1.6674432271040058,22.459276730000003
43,2026-06,504.8981139946,87425.039878,0.5048981139946,87.42503987799999
43,2026-07,7549.754399052482,462386.0032495,7.549754399052482,462.3860032495
43,2026-08,3402.5848333552,131860.528789,3.4025848333552,131.860528789
43,2026-09,5842.832707130388,1414453.5444765002,5.8428327071303885,1414.4535444765002
43,2026-10,3916.2324261417702,409186.09174979414,3.9162324261417703,409.1860917497941
43,2026-11,3232.9726374909997,133211.316645,3.2329726374909997,133.211316645
43,2026-12,5092.137600224236,560041.351958,5.092137600224236,560.041351958
43,2027-01,23531.935441027188,278587.94467252947,23.531935441027187,278.5879446725295
43,2027-02,6222.137917082553,804.9955100000001,6.222137917082553,0.8049955100000001
43,2027-03,1899.370504858247,6229.626700000001,1.899370504858247,6.229626700000001
43,2027-04,4890.0378358425005,196401.9146912059,4.8900378358425005,196.4019146912059
43,2027-05,2679.4836556584764,622451.1818360001,2.6794836556584762,622.451181836
43,2027-06,2042.7781844600236,220236.33823529416,2.0427781844600235,220.23633823529414
43,2027-07,3616.3687271567414,354561.66760300007,3.6163687271567415,354.56166760300005
43,2027-08,2113.2103722845,1224.8221150000002,2.1132103722845,1.2248221150000003
43,2027-09,4275.927552488671,231776.872096,4.275927552488671,231.776872096
43,2027-10,6181.370100457701,72222.6327405,6.1813701004577,72.2226327405
43,2027-11,7343.132813499999,296583.10660000006,7.3431328135,296.58310660000006
43,2027-12,7475.7040549693775,560708.1161770001,7.475704054969378,560.7081161770001
43,2028-01,5820.151522098059,641086.4377441766,5.820151522098059,641.0864377441766
43,2028-02,6087.3360857342,80.9567,6.087336085734201,0.08095669999999999
43,2028-03,5164.787212919,85.53985000000002,5.164787212919,0.08553985000000001
43,2028-04,18059.4458566003,8994.6043,18.059445856600302,8.9946043
43,2028-05,10174.117022066213,88158.87922211767,10.174117022066213,88.15887922211768
43,2028-06,4381.451776293329,87626.57723082353,4.381451776293329,87.62657723082353
43,2028-07,3629.177271510189,314921.76025200007,3.629177271510189,314.92176025200007
44,2024-01,7304.253447965548,179147.49106100004,7.304253447965547,179.14749106100004
44,2024-02,1297.632041562059,278.44795,1.297632041562059,0.27844795
44,2024-03,7714.169321262519,306163.35271500004,7.714169321262519,306.16335271500003
44,2024-04,2935.381845575482,117.0202,2.935381845575482,0.1170202
44,2024-05,7152.07737010993,316341.0893500001,7.15207737010993,316.34108935000006
44,2024-06,4429.72859214153,69899.79769558825,4.4297285921415295,69.89979769558825
44,2024-07,1354.1040932138235,263951.0084264706,1.3541040932138235,263.95100842647065
44,2024-08,2510.7051701534824,471315.346963353,2.5107051701534826,471.31534696335297
44,2024-09,2554.1008203439765,86331.3302445,2.5541008203439763,86.3313302445
44,2024-10,3658.0331207532236,63324.48381502942,3.6580331207532235,63.324483815029424
44,2024-11,8876.840290826201,33305.864141000005,8.876840290826202,33.30586414100001
44,2024-12,4333.601944824501,485390.4315764706,4.3336019448245,485.39043157647063
44,2025-01,1105.771587617765,289600.08257950004,1.105771587617765,289.60008257950005
44,2025-02,2422.591662515024,472495.04330826475,2.422591662515024,472.49504330826477
44,2025-03,12063.9194239672,287414.832331,12.0639194239672,287.414832331
44,2025-04,10851.7739239934,109282.22047600002,10.8517739239934,109.28222047600002
44,2025-05,5771.3219184904,306852.32722002943,5.7713219184904,306.85232722002945
44,2025-06,12941.45466403913,286880.7084715,12.941454664039131,286.88070847150004
44,2025-07,5260.283154225053,440571.31090629415,5.260283154225053,440.5713109062942
44,2025-08,8983.282210015124,325598.26225300005,8.983282210015124,325.59826225300003
44,2025-09,10224.233713332107,949033.3029320001,10.224233713332108,949.0333029320001
44,2025-10,2970.0068952568004,223161.0410376471,2.9700068952568004,223.16104103764712
44,2025-11,3873.4421430232005,52112.17869,3.8734421430232007,52.11217869
44,2025-12,2615.5881900395,112409.688336,2.6155881900395004,112.409688336
44,2026-01,1785.9282174894001,1042577.4324010295,1.7859282174894002,1042.5774324010295
44,2026-02,2512.0323780794824,634074.3261710001,2.5120323780794824,634.0743261710002
44,2026-03,11143.5783581923,464314.1416708236,11.1435783581923,464.31414167082363
44,2026-04,6194.313804883988,168919.00021700002,6.194313804883988,168.91900021700002
44,2026-05,10329.136115185323,440406.4765595001,10.329136115185323,440.4064765595001
44,2026-06,9285.6258664,33778.645142,9.2856258664,33.778645142
44,2026-07,3887.6110861000006,437202.422129,3.8876110861000006,437.202422129
44,2026-08,3088.1277305156946,75189.634355,3.0881277305156947,75.189634355
44,2026-09,2758.920505791012,244274.13459350006,2.758920505791012,244.27413459350007
44,2026-10,8517.140019205135,128198.557267,8.517140019205135,128.19855726699998
44,2026-11,1887.967727216206,249703.37196911767,1.8879677272162059,249.70337196911765
44,2026-12,4411.111255644,254.62525000000002,4.411111255644,0.25462525
44,2027-01,5638.885720235812,409175.63527500007,5.6388857202358125,409.17563527500005
44,2027-02,4966.989260140271,143826.12464,4.966989260140271,143.82612464
44,2027-03,1481.7603704616001,261752.20018814708,1.4817603704616,261.75220018814707
44,2027-04,7124.444989444801,689959.158992206,7.1244449894448,689.959158992206
44,2027-05,6665.558117862294,363595.35241150006,6.665558117862294,363.5953524115001
44,2027-06,2724.007087329412,64360.176947000014,2.724007087329412,64.36017694700001
44,2027-07,5662.911983415624,1865426.7121435003,5.662911983415624,1865.4267121435003
44,2027-08,1587.0091321337882,140065.13480850004,1.5870091321337882,140.06513480850003
44,2027-09,3405.559941687118,46855.06949750001,3.4055599416871183,46.85506949750001
44,2027-10,3070.80175899,537838.401287,3.07080175899,537.838401287
44,2027-11,2782.3948483779177,9998.568305,2.7823948483779177,9.998568305000001
44,2027-12,6016.390775499401,254576.41929500003,6.016390775499401,254.57641929500002
44,2028-01,3840.9706872708,393042.1807675,3.8409706872708003,393.04218076750004
44,2028-02,2572.6684319618003,24861.323645852946,2.5726684319618003,24.861323645852945
44,2028-03,6127.764986411424,71987.74385,6.127764986411424,71.98774385
44,2028-04,2479.800340728812,60855.13362500001,2.479800340728812,60.85513362500001
44,2028-05,8436.701763869107,181456.8371,8.436701763869106,181.4568371
44,2028-06,4915.920029139453,314338.1168345,4.9159200291394525,314.3381168345
44,2028-07,1526.6698195742001,270.3965,1.5266698195742001,0.2703965
45,2024-01,7650.946239644671,487233.01289250003,7.650946239644671,487.2330128925
45,2024-02,1402.5812033630002,6777.107370000001,1.4025812033630003,6.77710737
45,2024-03,2299.1756751422354,55970.215200000006,2.2991756751422354,55.970215200000005
45,2024-04,3033.379579228188,264517.953876,3.033379579228188,264.51795387600004
45,2024-05,7303.841087132,22136.501240999998,7.3038410871320005,22.136501240999998
45,2024-06,2834.8037635288,46577.713810500005,2.8348037635288,46.57771381050001
45,2024-07,2462.0266963429885,550346.94054,2.4620266963429884,550.34694054
45,2024-08,3121.498802593,101938.5723465,3.121498802593,101.93857234650001
45,2024-09,1830.0659742638588,152083.47496500003,1.8300659742638588,152.08347496500002
45,2024-10,5580.281301263701,19320.336639,5.5802813012637005,19.320336639
45,2024-11,9155.356653022001,593701.7781375,9.155356653022002,593.7017781375
45,2024-12,4739.917767163253,222.28154999999998,4.739917767163253,0.22228155
45,2025-01,11828.448122429101,3399.0318,11.828448122429101,3.3990318000000004
45,2025-02,3342.3347834091937,57716.161830000005,3.3423347834091937,57.716161830000004
45,2025-03,9313.796846325129,25857.892197,9.313796846325129,25.857892197
45,2025-04,20555.83929527607,269508.29728050006,20.55583929527607,269.5082972805001
45,2025-05,5440.410444975224,28567.189629,5.440410444975224,28.567189629
45,2025-06,1111.7553605185649,23041.207610999998,1.1117553605185648,23.041207610999997
45,2025-07,8501.134644664966,28209.01095,8.501134644664965,28.20901095
45,2025-08,7468.594949938794,236703.4844715,7.468594949938795,236.70348447150002
45,2025-09,8894.469440935336,15738.1956,8.894469440935335,15.7381956
45,2025-10,4606.261798786159,8457.502995,4.606261798786159,8.457502995
45,2025-11,3866.9847118684,372854.3805,3.8669847118684,372.85438050000005
45,2025-12,4855.508276939412,309465.3574508823,4.855508276939412,309.4653574508823
45,2026-01,3841.3074753863175,732545.8164063531,3.8413074753863174,732.5458164063532
45,2026-02,8367.628653536141,528088.667598,8.36762865353614,528.088667598
45,2026-03,11636.454391348465,34924.02061764706,11.636454391348465,34.92402061764706
45,2026-04,3074.962148492412,312210.8965620001,3.074962148492412,312.2108965620001
45,2026-05,17221.72892380232,29747.662622999997,17.221728923802317,29.747662622999997
45,2026-06,998.5886278878,112.59134999999999,0.9985886278878,0.11259134999999999
45,2026-07,1276.994784034,180781.37175599998,1.2769947840340001,180.78137175599997
45,2026-08,3327.8905446066706,82532.7220545,3.3278905446066704,82.5327220545
45,2026-09,2224.4353963373883,126675.281115,2.2244353963373884,126.675281115
45,2026-10,2130.436404465,26704.047825,2.130436404465,26.704047825
45,2026-11,6549.5755323239,423680.97555000003,6.5495755323239,423.68097555
45,2026-12,7766.1077892969415,76795.40736900001,7.7661077892969415,76.795407369
45,2027-01,3590.891624203641,273.531105,3.5908916242036413,0.27353110500000005
45,2027-02,2726.7269914451763,19.2348,2.7267269914451764,0.0192348
45,2027-03,5812.487611436788,103985.74728000001,5.812487611436788,103.98574728000001
45,2027-04,3321.323166200077,169190.62209000002,3.3213231662000773,169.19062209
45,2027-05,3883.6959426576004,213089.20183852938,3.8836959426576003,213.0892018385294
45,2027-06,3277.0167089173005,323342.0449054412,3.2770167089173006,323.3420449054412
45,2027-07,2801.1116511413,177459.532938,2.8011116511413,177.459532938
45,2027-08,5073.181822007953,206949.71002499998,5.073181822007953,206.94971002499997
45,2027-09,3352.7857098992004,97381.22156470589,3.3527857098992,97.3812215647059
45,2027-10,2004.461297286,169038.0613395,2.004461297286,169.03806133950002
45,2027-11,1274.7472964856,38465.2106235,1.2747472964856,38.465210623500006
45,2027-12,3443.119220855282,254.17845,3.443119220855282,0.25417845
45,2028-01,3797.424485389624,462921.6249135,3.797424485389624,462.92162491349995
45,2028-02,2255.7156610680004,342373.980075353,2.2557156610680003,342.373980075353
45,2028-03,4607.559451707365,1133377.5186405003,4.607559451707365,1133.3775186405003
45,2028-04,2657.0355727835,236929.22144100003,2.6570355727834998,236.92922144100004
45,2028-05,13211.85746391759,26139.8034,13.211857463917589,26.1398034
45,2028-06,3357.548835398124,58237.147467,3.357548835398124,58.237147467
45,2028-07,3958.2410440861177,201891.67089379413,3.9582410440861175,201.89167089379413
46,2024-01,8874.747700258147,44207.13416428235,8.874747700258148,44.20713416428235
46,2024-02,4303.1726788942005,241818.71315551765,4.3031726788942,241.81871315551766
46,2024-03,2899.227406660559,147974.1378192,2.8992274066605592,147.9741378192
46,2024-04,1792.6771182555294,71351.7370524,1.7926771182555294,71.3517370524
46,2024-05,1999.6643543811,173431.1674116,1.9996643543811001,173.4311674116
46,2024-06,1358.775505456059,433045.3623048,1.3587755054560589,433.0453623048
46,2024-07,1038.6017681656117,715279.9870588235,1.0386017681656117,715.2799870588235
46,2024-08,2187.962550873,28.048439999999996,2.187962550873,0.028048439999999997
46,2024-09,3704.2970717334474,10367.6130726,3.7042970717334476,10.3676130726
46,2024-10,5067.2043295326,100770.70600800001,5.067204329532601,100.770706008
46,2024-11,1576.9778164327881,854437.1891832,1.5769778164327881,854.4371891832
46,2024-12,9455.929639309361,221114.1411276,9.45592963930936,221.11414112760002
46,2025-01,14619.732220760146,555735.1548,14.619732220760147,555.7351548
46,2025-02,2603.70396148353,66352.8105828,2.60370396148353,66.3528105828
46,2025-03,3706.9235288236473,231744.96586079997,3.7069235288236473,231.74496586079997
46,2025-04,5401.18338877763,1150451.726319,5.40118338877763,1150.4517263189998
46,2025-05,4025.098107745812,526696.3245787765,4.025098107745812,526.6963245787765
46,2025-06,10098.983506997587,56819.46564,10.098983506997588,56.819465640000004
46,2025-07,8199.664555889283,218451.98590740003,8.199664555889283,218.45198590740003
46,2025-08,4005.025724908312,150280.686696,4.005025724908312,150.280686696
46,2025-09,6048.716534787401,63901.86726,6.048716534787401,63.901867259999996
46,2025-10,9330.184386144801,41096.086445647066,9.3301843861448,41.09608644564707
46,2025-11,4107.363574330395,55447.761562941174,4.107363574330395,55.447761562941174
46,2025-12,2920.8663792723646,262970.9285994,2.920866379272365,262.9709285994
46,2026-01,5079.882546309447,57776.715838799995,5.079882546309447,57.776715838799994
46,2026-02,22262.776779820237,153995.44667294115,22.262776779820236,153.99544667294114
46,2026-03,2164.2609474952355,112763.62065779998,2.1642609474952357,112.76362065779999
46,2026-04,3774.392415687729,15950.110217999998,3.7743924156877293,15.950110217999997
46,2026-05,9439.8387152171,99966.71081039999,9.4398387152171,99.96671081039999
46,2026-06,12754.597364945588,289642.8398682,12.754597364945589,289.6428398682
46,2026-07,2981.609327851,59432.61687176471,2.9816093278510003,59.43261687176471
46,2026-08,1074.6863733851176,40816.4417808,1.0746863733851175,40.8164417808
46,2026-09,3184.3396378489647,166065.0793662,3.184339637848965,166.0650793662
46,2026-10,18365.5823306158,219417.8691264,18.3655823306158,219.4178691264
46,2026-11,22627.27907930153,10132.71756,22.62727907930153,10.13271756
46,2026-12,7213.927541170142,78.01919999999998,7.213927541170142,0.07801919999999998
46,2027-01,1712.0486010507293,11203.76796,1.7120486010507292,11.203767959999999
46,2027-02,3150.0511293225763,65.89001999999999,3.150051129322576,0.06589002
46,2027-03,6700.74853300753,410986.22286119993,6.70074853300753,410.9862228611999
46,2027-04,4748.191733155253,11450.81532,4.748191733155253,11.45081532
46,2027-05,9977.042865203071,178082.89316999997,9.977042865203071,178.08289316999998
46,2027-06,8242.79354868853,271480.7317614,8.24279354868853,271.4807317614
46,2027-07,8262.918334436623,146527.9615632,8.262918334436623,146.5279615632
46,2027-08,8762.387977476401,216010.21249079998,8.7623879774764,216.01021249079997
46,2027-09,3893.7271791002586,114272.86674720001,3.893727179100259,114.27286674720001
46,2027-10,3428.9254660197003,425752.65540063527,3.4289254660197,425.75265540063526
46,2027-11,1215.6772674892943,331.90878,1.2156772674892944,0.33190877999999996
46,2027-12,5285.62304496,639553.6518924,5.2856230449599995,639.5536518924
46,2028-01,3371.586311915753,615322.277451,3.371586311915753,615.322277451
46,2028-02,4290.987082707907,598284.2301366001,4.290987082707907,598.2842301366001
46,2028-03,4705.564967863682,287736.6806034,4.7055649678636815,287.7366806034
46,2028-04,9340.514090143199,45858.4552692,9.340514090143198,45.8584552692
46,2028-05,9468.603050246777,36373.047060000004,9.468603050246777,36.373047060000005
46,2028-06,12684.393572970188,21811.599978,12.684393572970189,21.811599977999997
46,2028-07,1299.0621321236472,17810.7342,1.2990621321236473,17.8107342
47,2024-01,1926.6956043667294,21507.6631,1.9266956043667294,21.507663100000002
47,2024-02,2859.117008360988,751572.1084199706,2.8591170083609883,751.5721084199706
47,2024-03,7733.153825263554,17365.1137,7.733153825263554,17.365113700000002
47,2024-04,1608.7947414399296,8853.140274000003,1.6087947414399295,8.853140274000003
47,2024-05,4746.038399817377,263097.25254450005,4.746038399817377,263.09725254450007
47,2024-06,1229.4025888,125039.87194600001,1.2294025888000002,125.03987194600002
47,2024-07,9321.420310448619,248837.96110800002,9.32142031044862,248.83796110800003
47,2024-08,6210.3213870789705,1197.7861500000001,6.21032138707897,1.1977861500000002
47,2024-09,10962.862458214855,19223.77545,10.962862458214856,19.22377545
47,2024-10,3127.5934488482353,245368.40864250003,3.127593448848235,245.36840864250001
47,2024-11,5816.827910648212,72894.41782700001,5.816827910648212,72.89441782700001
47,2024-12,3574.6102838322,1883580.4900714997,3.5746102838322,1883.5804900714998
47,2025-01,5872.761650828801,47743.63165,5.872761650828801,47.743631650000005
47,2025-02,5816.040427431083,129243.831607,5.8160404274310835,129.243831607
47,2025-03,10713.132698058354,688.3982600000002,10.713132698058354,0.6883982600000002
47,2025-04,9845.966520761523,185689.95733200002,9.845966520761523,185.689957332
47,2025-05,5123.333272875706,451757.6927302354,5.123333272875706,451.7576927302354
47,2025-06,2408.7659630491885,14281.6355,2.4087659630491887,14.2816355
47,2025-07,23063.612587811767,239439.6198871471,23.063612587811768,239.4396198871471
47,2025-08,5222.0105957551295,332657.60770000005,5.22201059575513,332.6576077
47,2025-09,2000.4141132036,186517.8381,2.0004141132036,186.5178381
47,2025-10,6628.695836835212,1111126.4122585002,6.628695836835211,1111.1264122585003
47,2025-11,4513.095406490106,66171.41410970589,4.513095406490106,66.17141410970589
47,2025-12,6152.920920321506,97135.22995000001,6.152920920321506,97.13522995000001
47,2026-01,4962.1070604529,21997.9001,4.9621070604529,21.9979001
47,2026-02,20217.1753325886,317082.25933708827,20.2171753325886,317.08225933708826
47,2026-03,3412.329615995682,302067.5717128235,3.412329615995682,302.0675717128235
47,2026-04,1358.3652100456825,34988.98186300001,1.3583652100456824,34.98898186300001
47,2026-05,1325.563739560706,188248.23518600003,1.3255637395607058,188.24823518600004
47,2026-06,9831.694714346735,508335.49162000004,9.831694714346735,508.33549162
47,2026-07,6460.473947465618,55.91355,6.460473947465618,0.05591355
47,2026-08,4087.3648092145177,138056.85487,4.087364809214518,138.05685487000002
47,2026-09,7265.100519136565,136363.458297,7.265100519136565,136.363458297
47,2026-10,8176.963352990719,66570.88080500001,8.176963352990718,66.570880805
47,2026-11,5321.3205630336,633.3321500000001,5.321320563033599,0.6333321500000001
47,2026-12,6591.5554743582825,350557.3714775,6.591555474358282,350.5573714775
47,2027-01,5432.5183138798,56157.96747000001,5.4325183138798,56.15796747000001
47,2027-02,1451.0959957638943,140049.1226915,1.4510959957638943,140.0491226915
47,2027-03,5626.5551282302,3051.2510050000005,5.6265551282302,3.0512510050000006
47,2027-04,6775.805603062,12511.418117647061,6.775805603062,12.511418117647061
47,2027-05,3372.850005509153,115946.9748525,3.3728500055091533,115.9469748525
47,2027-06,692.6405932267646,27785.824165,0.6926405932267646,27.785824165
47,2027-07,8000.071512574601,192642.906049,8.000071512574602,192.642906049
47,2027-08,10449.910358066529,21528.300585,10.449910358066528,21.528300585
47,2027-09,6041.7544767694235,18375.45655,6.041754476769423,18.37545655
47,2027-10,4869.7910606295,68168.35578235296,4.8697910606295,68.16835578235296
47,2027-11,6345.597412490141,20093.263105882357,6.345597412490141,20.093263105882357
47,2027-12,5719.179652595753,109708.62320000002,5.719179652595753,109.70862320000002
47,2028-01,8100.057107850412,249627.40478500002,8.10005710785041,249.627404785
47,2028-02,9219.762511043342,513310.8777260589,9.219762511043342,513.3108777260588
47,2028-03,2771.8984480151234,261299.44529150001,2.7718984480151234,261.29944529150004
47,2028-04,1096.7679263771058,39542.76189211765,1.0967679263771057,39.542761892117646
47,2028-05,16865.3511634382,85.39080000000001,16.865351163438202,0.08539080000000002
47,2028-06,1680.1399856586354,167.04539500000004,1.6801399856586354,0.16704539500000004
47,2028-07,3649.405210206659,213609.39844750002,3.649405210206659,213.6093984475
48,2024-01,5408.612907305294,446551.93423679995,5.408612907305295,446.5519342367999
48,2024-02,5762.35746975353,342400.9963836,5.76235746975353,342.4009963836
48,2024-03,9275.770009622112,120509.7809748,9.275770009622113,120.5097809748
48,2024-04,3911.6585249396003,74050.75173176471,3.9116585249396003,74.05075173176472
48,2024-05,3897.9550282750006,75402.57406079999,3.8979550282750006,75.40257406079999
48,2024-06,6567.384014898529,117485.40101858824,6.567384014898529,117.48540101858823
48,2024-07,7609.6461146962,51544.8153612,7.6096461146962,51.5448153612
48,2024-08,1869.4954362912001,92169.73798199999,1.8694954362912002,92.16973798199999
48,2024-09,9592.419912580794,100339.26,9.592419912580793,100.33926
48,2024-10,2773.820811159,51161.477472,2.773820811159,51.161477472
48,2024-11,2275.8587822728,19640.071752,2.2758587822728,19.640071752
48,2024-12,4505.803893239424,317242.84543980006,4.505803893239424,317.2428454398001
48,2025-01,2098.255956126,70445.73868870588,2.098255956126,70.44573868870589
48,2025-02,6543.5215956778,45940.1385912,6.543521595677801,45.9401385912
48,2025-03,3375.0933611231003,323374.88914499996,3.3750933611231004,323.37488914499994
48,2025-04,1788.7698914885,72845.9763192,1.7887698914885,72.84597631919999
48,2025-05,4225.0650508710005,43842.793604399994,4.225065050871001,43.84279360439999
48,2025-06,1769.265505704,1941183.6975589055,1.7692655057039999,1941.1836975589054
48,2025-07,9035.994333914454,206824.01663428234,9.035994333914454,206.82401663428234
48,2025-08,698.5335525534118,400835.16043200006,0.6985335525534119,400.83516043200007
48,2025-09,2497.607335448353,25645.5998988,2.497607335448353,25.6455998988
48,2025-10,6203.8648154848,343912.5163824,6.2038648154848,343.9125163824
48,2025-11,2457.414034475047,49791.88778117647,2.4574140344750472,49.79188778117647
48,2025-12,8971.6397345901,269157.9282546,8.9716397345901,269.1579282546
48,2026-01,6728.6032953298,596215.2044772,6.7286032953298,596.2152044772
48,2026-02,1373.4726387378118,224616.4885062,1.3734726387378118,224.6164885062
48,2026-03,8347.1495934964,110525.4111666353,8.3471495934964,110.5254111666353
48,2026-04,6498.129244016648,126291.7770996,6.498129244016648,126.2917770996
48,2026-05,4474.0058139048,419358.8903112,4.4740058139048,419.3588903112
48,2026-06,3435.8458728021296,15516.349350352943,3.4358458728021297,15.516349350352943
48,2026-07,2148.0496668508003,75328.8363156,2.1480496668508002,75.3288363156
48,2026-08,5194.840930418006,458643.44288280007,5.194840930418006,458.64344288280006
48,2026-09,8830.905017087778,359743.2469092,8.830905017087778,359.74324690919997
48,2026-10,10827.529814749189,9480.989107058824,10.82752981474919,9.480989107058823
48,2026-11,3232.3020128427297,2306.7524759999997,3.2323020128427298,2.3067524759999998
48,2026-12,4200.263821576342,93299.39231908236,4.200263821576342,93.29939231908236
48,2027-01,5217.819980539082,50348.759999999995,5.217819980539082,50.34875999999999
48,2027-02,3896.70110577,30508.874722199995,3.89670110577,30.508874722199995
48,2027-03,3542.234963544559,123558.07297185883,3.542234963544559,123.55807297185882
48,2027-04,1629.5221775508003,113.79480000000001,1.6295221775508002,0.11379480000000002
48,2027-05,21217.1073037444,58035.605082,21.2171073037444,58.035605082000004
48,2027-06,3493.3340654962353,5544.846299999999,3.4933340654962355,5.5448463
48,2027-07,3493.8991634778827,2544.7930619999997,3.4938991634778827,2.5447930619999997
48,2027-08,10522.578869916,256341.85115279997,10.522578869916,256.34185115279996
48,2027-09,4569.588884829847,7008.5469299999995,4.569588884829847,7.00854693
48,2027-10,7663.159700137989,383022.07733999996,7.663159700137989,383.02207733999995
48,2027-11,2082.4702088607,97571.5202112,2.0824702088607,97.5715202112
48,2027-12,8477.606891643865,48707.23452,8.477606891643866,48.70723452
48,2028-01,32248.23921442587,7312.83378,32.24823921442587,7.31283378
48,2028-02,655.9702078810001,123292.99282440002,0.6559702078810001,123.29299282440002
48,2028-03,7969.352182251329,17411.96932588235,7.969352182251329,17.41196932588235
48,2028-04,2622.6297650746,292000.6142256,2.6226297650746,292.0006142256
48,2028-05,5783.4795311288235,87394.42786200001,5.783479531128823,87.39442786200001
48,2028-06,12202.686795292966,106584.38776439999,12.202686795292966,106.58438776439999
48,2028-07,1785.3464328448001,8514.68058,1.7853464328448,8.51468058
49,2024-01,3348.8269708812118,383849.3634360001,3.3488269708812117,383.8493634360001
49,2024-02,1314.5259959598002,32119.21735,1.3145259959598001,32.11921735
49,2024-03,3231.4328913577006,83325.79035,3.2314328913577004,83.32579034999999
49,2024-04,4841.040980145259,34523.04031,4.841040980145259,34.52304031
49,2024-05,9186.868175039912,696694.1350930001,9.186868175039912,696.6941350930001
49,2024-06,5303.871005624247,157312.64129511765,5.303871005624247,157.31264129511766
49,2024-07,8564.4009225286,117516.17689900001,8.5644009225286,117.51617689900002
49,2024-08,4901.130813147565,437649.63486782357,4.9011308131475655,437.6496348678236
49,2024-09,9548.92555753527,134246.658535,9.54892555753527,134.246658535
49,2024-10,1617.9157095208,462600.00366152945,1.6179157095207999,462.60000366152946
49,2024-11,1932.2898051385296,755165.2288510001,1.9322898051385295,755.165228851
49,2024-12,4010.7005491262003,447979.027782,4.0107005491262,447.979027782
49,2025-01,4144.83967797473,197260.3990115,4.14483967797473,197.2603990115
49,2025-02,4842.82861054296,313803.52025000006,4.84282861054296,313.8035202500001
49,2025-03,10895.37897565813,648007.6438000001,10.89537897565813,648.0076438000001
49,2025-04,4790.806143892,70994.65382058825,4.790806143892,70.99465382058825
49,2025-05,4930.464576837194,67186.09704950001,4.930464576837194,67.1860970495
49,2025-06,5354.5462319267535,223351.0338772059,5.354546231926753,223.35103387720588
49,2025-07,3766.254836178235,129316.19589900001,3.766254836178235,129.316195899
49,2025-08,4571.663950045429,202053.71385650002,4.571663950045429,202.05371385650002
49,2025-09,5067.739542002436,425593.27929250005,5.067739542002436,425.59327929250003
49,2025-10,3322.1633994476,1143857.4970680003,3.3221633994476,1143.8574970680002
49,2025-11,4534.167927084365,149954.78291005886,4.534167927084365,149.95478291005887
49,2025-12,4640.972612783159,44751.236750000004,4.640972612783159,44.751236750000004
49,2026-01,4777.739504403388,314352.07051600004,4.777739504403388,314.352070516
49,2026-02,2763.602594118,68057.374924,2.7636025941180002,68.057374924
49,2026-03,1694.392348821894,369350.5419197647,1.6943923488218942,369.35054191976474
49,2026-04,4500.233747308059,143852.75063014706,4.500233747308059,143.85275063014706
49,2026-05,1956.1323479755295,5297.327915,1.9561323479755295,5.297327914999999
49,2026-06,11860.630628327164,135737.80000000002,11.860630628327165,135.73780000000002
49,2026-07,8067.0967997498,14697.936913,8.0670967997498,14.697936913
49,2026-08,5575.777626390071,165.03300000000002,5.575777626390072,0.165033
49,2026-09,13761.119174313755,164475.69662376473,13.761119174313755,164.47569662376472
49,2026-10,4544.438183292871,333219.4565810001,4.544438183292871,333.21945658100014
49,2026-11,5825.763881190694,239345.09851450002,5.825763881190694,239.34509851450002
49,2026-12,7474.469684431,331120.8447085001,7.474469684431,331.1208447085001
49,2027-01,11339.086122855224,874436.4094345002,11.339086122855225,874.4364094345002
49,2027-02,16560.655876650482,330.42295,16.560655876650483,0.33042295
49,2027-03,1854.797374812,339842.48605741176,1.8547973748120001,339.84248605741175
49,2027-04,4033.434506063365,18417.209638235297,4.033434506063365,18.4172096382353
49,2027-05,4393.1939049808,412363.99929191184,4.3931939049808,412.36399929191185
49,2027-06,571.63373017,785919.0088585,0.5716337301700001,785.9190088585001
49,2027-07,3105.6481208764003,47.07945000000001,3.1056481208764004,0.04707945000000001
49,2027-08,1839.942796691765,21722.53556,1.839942796691765,21.72253556
49,2027-09,3724.9928545384,289754.30624800007,3.7249928545384,289.7543062480001
49,2027-10,452.15423587327064,87098.4534255,0.45215423587327064,87.0984534255
49,2027-11,3472.3210689454004,142709.13816111768,3.4723210689454005,142.70913816111766
49,2027-12,13694.035209028965,523.2834200000001,13.694035209028966,0.52328342
49,2028-01,4813.258171214106,62280.65195000001,4.813258171214106,62.280651950000006
49,2028-02,1708.6632150020941,15134.4624695,1.7086632150020942,15.1344624695
49,2028-03,3301.186868025,407874.84378914715,3.301186868025,407.8748437891472
49,2028-04,5798.825986461977,631994.6261310001,5.798825986461977,631.9946261310001
49,2028-05,10806.813016029953,78838.89915,10.806813016029952,78.83889915
49,2028-06,6847.878561083823,28396.496656000007,6.8478785610838235,28.396496656000007
49,2028-07,874.5661843915001,60170.48517700002,0.8745661843915001,60.17048517700002
50,2024-01,7492.603733618002,60349.327747799995,7.492603733618002,60.3493277478
50,2024-02,7492.358552582171,68514.02185764707,7.4923585525821705,68.51402185764707
50,2024-03,3787.4520262777237,511206.63345631753,3.7874520262777236,511.20663345631755
50,2024-04,4053.2010988005004,83783.0896644,4.053201098800501,83.78308966440001
50,2024-05,4809.724511256401,60174.44551020001,4.809724511256401,60.17444551020001
50,2024-06,14407.835223841083,29.19714,14.407835223841083,0.02919714
50,2024-07,6102.111200503824,321934.7152518,6.102111200503824,321.9347152518
50,2024-08,6120.082438838929,17.206979999999998,6.120082438838929,0.017206979999999997
50,2024-09,5856.786254841601,32294.311139999998,5.856786254841601,32.29431114
50,2024-10,4227.281525772336,320325.22991848236,4.2272815257723355,320.32522991848236
50,2024-11,4113.037688198142,132561.5017104,4.113037688198142,132.56150171040002
50,2024-12,5168.125844908701,618753.6733065882,5.168125844908701,618.7536733065882
50,2025-01,4926.685191039,125415.80981654118,4.926685191039,125.41580981654118
50,2025-02,5652.6663803444,1621713.8777657999,5.6526663803443995,1621.7138777658
50,2025-03,4914.750386137941,70949.5195332,4.914750386137941,70.9495195332
50,2025-04,7845.958151861141,137.4744,7.845958151861141,0.1374744
50,2025-05,2988.8297012933767,457465.76115338836,2.9888297012933767,457.46576115338837
50,2025-06,7634.03088389443,70098.498204,7.634030883894431,70.09849820400001
50,2025-07,3263.859611834753,232605.01671539998,3.263859611834753,232.60501671539998
50,2025-08,2803.7922742363294,25894.961786399996,2.8037922742363293,25.894961786399996
50,2025-09,4814.347130655259,53880.02117647059,4.814347130655259,53.88002117647059
50,2025-10,1688.7810113697765,426044.20096979995,1.6887810113697765,426.04420096979993
50,2025-11,8573.860260352065,56855.8949742,8.573860260352065,56.8558949742
50,2025-12,6552.0713428404015,1094.767758,6.552071342840401,1.094767758
50,2026-01,26146.02702976912,47600.18382,26.14602702976912,47.60018382
50,2026-02,981.2319386493,622547.2472814,0.9812319386493,622.5472472814
50,2026-03,8128.082695441701,67440.6754644,8.128082695441702,67.4406754644
50,2026-04,5414.9044571162,264263.1357912,5.4149044571162,264.2631357912
50,2026-05,4286.261092550541,110937.89409780002,4.286261092550541,110.93789409780001
50,2026-06,11542.117840368735,77562.22795439998,11.542117840368736,77.56222795439997
50,2026-07,2093.726236817,381733.4003922353,2.093726236817,381.7334003922353
50,2026-08,7206.6985784205,46003.4056398,7.2066985784205,46.0034056398
50,2026-09,3329.7612898820767,575251.5533939999,3.3297612898820765,575.251553394
50,2026-10,7710.699191634753,11798.097654,7.710699191634753,11.798097654
50,2026-11,3035.2300975450003,209952.97431780002,3.0352300975450004,209.95297431780003
50,2026-12,4049.5129186574823,105480.9106764,4.0495129186574825,105.4809106764
50,2027-01,3161.174870185294,31583.210602588235,3.161174870185294,31.583210602588235
50,2027-02,4252.8071712744,35876.2171026,4.252807171274401,35.8762171026
50,2027-03,2853.3450878266003,244.80834,2.8533450878266002,0.24480833999999999
50,2027-04,10517.810594056176,2504.0799,10.517810594056176,2.5040799000000002
50,2027-05,1970.6146455575001,766454.7210768001,1.9706146455575002,766.4547210768002
50,2027-06,6121.2554062458,29973.1873644,6.1212554062458,29.9731873644
50,2027-07,3789.071365573312,692668.9407329999,3.789071365573312,692.6689407329999
50,2027-08,5491.9979330652,273915.16270439996,5.491997933065201,273.91516270439996
50,2027-09,5715.139943338471,137163.5726706,5.715139943338471,137.1635726706
50,2027-10,3023.9196979571534,37457.60783717647,3.023919697957153,37.45760783717647
50,2027-11,249.426336016,90.17063999999999,0.249426336016,0.09017064
50,2027-12,2095.5406113066,438.516204,2.0955406113066,0.438516204
50,2028-01,3794.4749930669236,91.45079999999999,3.7944749930669235,0.09145079999999998
50,2028-02,3040.4661697148003,0.0,3.0404661697148003,0.0
50,2028-03,4339.543858600494,214588.71962220003,4.339543858600494,214.58871962220005
50,2028-04,8143.536616221029,35613.8917344,8.143536616221029,35.6138917344
50,2028-05,6412.4584044949825,477542.86411860003,6.412458404494982,477.54286411860005
50,2028-06,3143.59110289073,748974.6232658117,3.14359110289073,748.9746232658117
50,2028-07,4839.055279024495,226659.565419,4.839055279024494,226.659565419
